Weather Set Name,Weather Station Name,Date,Min Temp [deg.C],Max Temp [deg.C],Accumulated Precip [mm],Wind Run [km/day],Min RH [%],Max RH [%],Solar Rad [kJ/m2/day],ET Rad,Net Rad,Incoming Rad,Last Modified,Modified By
ARDTWP,T001R19W4,2018/01/01,-31.4,-6.6,0,,,,,,,,,
ARDTWP,T001R19W4,2018/01/02,-8.9,1.9,0,,,,,,,,,
ARDTWP,T001R19W4,2018/01/03,-5.4,4.2,0,,,,,,,,,
ARDTWP,T001R19W4,2018/01/04,-6.9,2.7,0,,,,,,,,,
ARDTWP,T001R19W4,2018/01/05,-1.1,6.3,0,,,,,,,,,
ARDTWP,T001R19W4,2018/01/06,-2.5,5.6,0,,,,,,,,,
ARDTWP,T001R19W4,2018/01/07,-1.7,3.4,0,,,,,,,,,
ARDTWP,T001R19W4,2018/01/08,-0.8,5,0,,,,,,,,,
ARDTWP,T001R19W4,2018/01/09,-16.9,6.2,1.7,,,,,,,,,
ARDTWP,T001R19W4,2018/01/10,-23.4,-17.1,1.7,,,,,,,,,
ARDTWP,T001R19W4,2018/01/11,-29,-20.1,3.9,,,,,,,,,
ARDTWP,T001R19W4,2018/01/12,-23.3,-8,1.3,,,,,,,,,
ARDTWP,T001R19W4,2018/01/13,-8.2,3.2,0,,,,,,,,,
ARDTWP,T001R19W4,2018/01/14,-8.1,1.9,0,,,,,,,,,
ARDTWP,T001R19W4,2018/01/15,-12.7,-7,0,,,,,,,,,
ARDTWP,T001R19W4,2018/01/16,-12.7,6.7,0,,,,,,,,,
ARDTWP,T001R19W4,2018/01/17,-3.7,5.6,0,,,,,,,,,
ARDTWP,T001R19W4,2018/01/18,0.1,6.8,0,,,,,,,,,
ARDTWP,T001R19W4,2018/01/19,-4.9,2,0,,,,,,,,,
ARDTWP,T001R19W4,2018/01/20,-6.7,2.3,0,,,,,,,,,
ARDTWP,T001R19W4,2018/01/21,-6.5,2.6,0,,,,,,,,,
ARDTWP,T001R19W4,2018/01/22,-4.7,2.1,0,,,,,,,,,
ARDTWP,T001R19W4,2018/01/23,-6.8,1.8,0,,,,,,,,,
ARDTWP,T001R19W4,2018/01/24,-4.2,6.7,0,,,,,,,,,
ARDTWP,T001R19W4,2018/01/25,-5.4,4.1,0,,,,,,,,,
ARDTWP,T001R19W4,2018/01/26,-13.6,-2.4,0.4,,,,,,,,,
ARDTWP,T001R19W4,2018/01/27,-17.6,-9.1,0.4,,,,,,,,,
ARDTWP,T001R19W4,2018/01/28,-17.5,-9.4,0.9,,,,,,,,,
ARDTWP,T001R19W4,2018/01/29,-9.5,8,0,,,,,,,,,
ARDTWP,T001R19W4,2018/01/30,-2.3,5.3,0,,,,,,,,,
ARDTWP,T001R19W4,2018/01/31,-16.5,-1.2,0.4,,,,,,,,,
ARDTWP,T001R19W4,2018/02/01,-16.8,-2.8,0,,,,,,,,,
ARDTWP,T001R19W4,2018/02/02,-14.8,-6.2,0,,,,,,,,,
ARDTWP,T001R19W4,2018/02/03,-22.4,-5.3,2.3,,,,,,,,,
ARDTWP,T001R19W4,2018/02/04,-21.5,-8.1,6.2,,,,,,,,,
ARDTWP,T001R19W4,2018/02/05,-19.3,-12.4,3.4,,,,,,,,,
ARDTWP,T001R19W4,2018/02/06,-19.4,-10.5,0,,,,,,,,,
ARDTWP,T001R19W4,2018/02/07,-15.1,-3.4,0,,,,,,,,,
ARDTWP,T001R19W4,2018/02/08,-20,-13,4.8,,,,,,,,,
ARDTWP,T001R19W4,2018/02/09,-27.5,-15.4,0.8,,,,,,,,,
ARDTWP,T001R19W4,2018/02/10,-23.7,-6.7,0,,,,,,,,,
ARDTWP,T001R19W4,2018/02/11,-26.7,-9.4,0.6,,,,,,,,,
ARDTWP,T001R19W4,2018/02/12,-29.7,-10,0,,,,,,,,,
ARDTWP,T001R19W4,2018/02/13,-10.2,4.3,0,,,,,,,,,
ARDTWP,T001R19W4,2018/02/14,-15.3,0.5,0.4,,,,,,,,,
ARDTWP,T001R19W4,2018/02/15,-20,-7.4,0.7,,,,,,,,,
ARDTWP,T001R19W4,2018/02/16,-9,-1.2,1.4,,,,,,,,,
ARDTWP,T001R19W4,2018/02/17,-15.7,-8.5,4.8,,,,,,,,,
ARDTWP,T001R19W4,2018/02/18,-24.7,-15.6,1.8,,,,,,,,,
ARDTWP,T001R19W4,2018/02/19,-27.1,-16.2,0.1,,,,,,,,,
ARDTWP,T001R19W4,2018/02/20,-26.2,-12.2,0,,,,,,,,,
ARDTWP,T001R19W4,2018/02/21,-23.1,-9.9,0,,,,,,,,,
ARDTWP,T001R19W4,2018/02/22,-19.4,-9.3,0,,,,,,,,,
ARDTWP,T001R19W4,2018/02/23,-19.7,-6.1,0,,,,,,,,,
ARDTWP,T001R19W4,2018/02/24,-11.8,-3.7,0,,,,,,,,,
ARDTWP,T001R19W4,2018/02/25,-9.8,-1.2,1,,,,,,,,,
ARDTWP,T001R19W4,2018/02/26,-10.6,-1.7,1,,,,,,,,,
ARDTWP,T001R19W4,2018/02/27,-9.9,-1.4,0,,,,,,,,,
ARDTWP,T001R19W4,2018/02/28,-9.7,1.2,0,,,,,,,,,
ARDTWP,T001R19W4,2018/03/01,-10,-2.1,0,,,,,,,,,
ARDTWP,T001R19W4,2018/03/02,-10.7,-7.2,1.8,,,,,,,,,
ARDTWP,T001R19W4,2018/03/03,-18,-8.5,0.1,,,,,,,,,
ARDTWP,T001R19W4,2018/03/04,-20.8,-11.8,0.1,,,,,,,,,
ARDTWP,T001R19W4,2018/03/05,-21,-4.9,0,,,,,,,,,
ARDTWP,T001R19W4,2018/03/06,-18,-3.4,0,,,,,,,,,
ARDTWP,T001R19W4,2018/03/07,-14.5,-0.2,0,,,,,,,,,
ARDTWP,T001R19W4,2018/03/08,-12.5,0.3,0,,,,,,,,,
ARDTWP,T001R19W4,2018/03/09,-5.9,4.1,0,,,,,,,,,
ARDTWP,T001R19W4,2018/03/10,-7.6,3.2,0,,,,,,,,,
ARDTWP,T001R19W4,2018/03/11,-8.7,5.3,0,,,,,,,,,
ARDTWP,T001R19W4,2018/03/12,-8.4,6.6,0,,,,,,,,,
ARDTWP,T001R19W4,2018/03/13,-6.2,4.7,0,,,,,,,,,
ARDTWP,T001R19W4,2018/03/14,-6.8,5.2,0,,,,,,,,,
ARDTWP,T001R19W4,2018/03/15,-7,3.3,12.3,,,,,,,,,
ARDTWP,T001R19W4,2018/03/16,-9.6,0.8,0.5,,,,,,,,,
ARDTWP,T001R19W4,2018/03/17,-5.4,-0.3,0,,,,,,,,,
ARDTWP,T001R19W4,2018/03/18,-5.1,-1.3,3,,,,,,,,,
ARDTWP,T001R19W4,2018/03/19,-7.2,0.4,3.3,,,,,,,,,
ARDTWP,T001R19W4,2018/03/20,-5.5,4.3,0,,,,,,,,,
ARDTWP,T001R19W4,2018/03/21,-4.7,6.4,0,,,,,,,,,
ARDTWP,T001R19W4,2018/03/22,-3.1,1.8,1.1,,,,,,,,,
ARDTWP,T001R19W4,2018/03/23,-2.7,6.1,0,,,,,,,,,
ARDTWP,T001R19W4,2018/03/24,-4.3,4.8,0.2,,,,,,,,,
ARDTWP,T001R19W4,2018/03/25,-6,5.2,0.1,,,,,,,,,
ARDTWP,T001R19W4,2018/03/26,-5.5,3.7,0,,,,,,,,,
ARDTWP,T001R19W4,2018/03/27,-1.1,6.4,0,,,,,,,,,
ARDTWP,T001R19W4,2018/03/28,-3.5,2.9,0,,,,,,,,,
ARDTWP,T001R19W4,2018/03/29,-6,2.5,0,,,,,,,,,
ARDTWP,T001R19W4,2018/03/30,-14.4,5.1,3.2,,,,,,,,,
ARDTWP,T001R19W4,2018/03/31,-16.2,-8.6,0.2,,,,,,,,,
ARDTWP,T001R19W4,2018/04/01,-14.9,-5.3,2.7,,,,,,,,,
ARDTWP,T001R19W4,2018/04/02,-19.1,-9.5,1.3,,,,,,,,,
ARDTWP,T001R19W4,2018/04/03,-19.3,0.6,0,,,,,,,,,
ARDTWP,T001R19W4,2018/04/04,-12.7,4.8,0.1,,,,,,,,,
ARDTWP,T001R19W4,2018/04/05,-13.1,-7.9,2.1,,,,,,,,,
ARDTWP,T001R19W4,2018/04/06,-15.2,-9.4,1.7,,,,,,,,,
ARDTWP,T001R19W4,2018/04/07,-13.9,-5.8,4.6,,,,,,,,,
ARDTWP,T001R19W4,2018/04/08,-11.6,-3.6,0,,,,,,,,,
ARDTWP,T001R19W4,2018/04/09,-10.5,7.2,0,,,,,,,,,
ARDTWP,T001R19W4,2018/04/10,-0.7,8.7,0,,,,,,,,,
ARDTWP,T001R19W4,2018/04/11,-0.6,8.8,0,,,,,,,,,
ARDTWP,T001R19W4,2018/04/12,-3.7,-0.1,9.9,,,,,,,,,
ARDTWP,T001R19W4,2018/04/13,-3.9,5.7,1.1,,,,,,,,,
ARDTWP,T001R19W4,2018/04/14,1.6,10.5,0,,,,,,,,,
ARDTWP,T001R19W4,2018/04/15,0.4,11.9,0,,,,,,,,,
ARDTWP,T001R19W4,2018/04/16,-1.1,1.6,6.5,,,,,,,,,
ARDTWP,T001R19W4,2018/04/17,-2.8,7,0,,,,,,,,,
ARDTWP,T001R19W4,2018/04/18,-1.3,9.2,0,,,,,,,,,
ARDTWP,T001R19W4,2018/04/19,-2.3,12.6,0,,,,,,,,,
ARDTWP,T001R19W4,2018/04/20,0.6,15.1,0,,,,,,,,,
ARDTWP,T001R19W4,2018/04/21,3,12.9,0,,,,,,,,,
ARDTWP,T001R19W4,2018/04/22,-0.5,10.8,0,,,,,,,,,
ARDTWP,T001R19W4,2018/04/23,-2.4,11.6,0,,,,,,,,,
ARDTWP,T001R19W4,2018/04/24,-0.4,21.1,0,,,,,,,,,
ARDTWP,T001R19W4,2018/04/25,2.7,12.8,0,,,,,,,,,
ARDTWP,T001R19W4,2018/04/26,1.2,21.8,0,,,,,,,,,
ARDTWP,T001R19W4,2018/04/27,2.9,23.2,0,,,,,,,,,
ARDTWP,T001R19W4,2018/04/28,5.5,26.8,0,,,,,,,,,
ARDTWP,T001R19W4,2018/04/29,2.6,13.1,0,,,,,,,,,
ARDTWP,T001R19W4,2018/04/30,1.8,13.2,0,,,,,,,,,
ARDTWP,T001R19W4,2018/05/01,2.2,10.2,0.1,,,,,,,,,
ARDTWP,T001R19W4,2018/05/02,1.7,17.8,0,,,,,,,,,
ARDTWP,T001R19W4,2018/05/03,2.7,21.6,0,,,,,,,,,
ARDTWP,T001R19W4,2018/05/04,9.3,21.6,0,,,,,,,,,
ARDTWP,T001R19W4,2018/05/05,7,20.8,0,,,,,,,,,
ARDTWP,T001R19W4,2018/05/06,5.3,24.5,0,,,,,,,,,
ARDTWP,T001R19W4,2018/05/07,9.8,23.4,0.3,,,,,,,,,
ARDTWP,T001R19W4,2018/05/08,9.3,21.8,0,,,,,,,,,
ARDTWP,T001R19W4,2018/05/09,5.1,16.5,8.5,,,,,,,,,
ARDTWP,T001R19W4,2018/05/10,4.4,15.8,0.5,,,,,,,,,
ARDTWP,T001R19W4,2018/05/11,0.7,7.6,0.7,,,,,,,,,
ARDTWP,T001R19W4,2018/05/12,0,18.5,0,,,,,,,,,
ARDTWP,T001R19W4,2018/05/13,4.4,22.7,0,,,,,,,,,
ARDTWP,T001R19W4,2018/05/14,6.2,25.6,0,,,,,,,,,
ARDTWP,T001R19W4,2018/05/15,10.3,27.4,0,,,,,,,,,
ARDTWP,T001R19W4,2018/05/16,10.7,26.8,2.3,,,,,,,,,
ARDTWP,T001R19W4,2018/05/17,5.2,14.5,8,,,,,,,,,
ARDTWP,T001R19W4,2018/05/18,4.3,7.3,15.4,,,,,,,,,
ARDTWP,T001R19W4,2018/05/19,3,12,0,,,,,,,,,
ARDTWP,T001R19W4,2018/05/20,3.9,23.3,0,,,,,,,,,
ARDTWP,T001R19W4,2018/05/21,9.2,23,0,,,,,,,,,
ARDTWP,T001R19W4,2018/05/22,8.3,24.7,0,,,,,,,,,
ARDTWP,T001R19W4,2018/05/23,8.4,25,0,,,,,,,,,
ARDTWP,T001R19W4,2018/05/24,9.9,26.2,0,,,,,,,,,
ARDTWP,T001R19W4,2018/05/25,12.7,26.6,0,,,,,,,,,
ARDTWP,T001R19W4,2018/05/26,12.2,21.7,0.5,,,,,,,,,
ARDTWP,T001R19W4,2018/05/27,10.2,24.3,0,,,,,,,,,
ARDTWP,T001R19W4,2018/05/28,10.1,27.6,0,,,,,,,,,
ARDTWP,T001R19W4,2018/05/29,10.3,18.8,0,,,,,,,,,
ARDTWP,T001R19W4,2018/05/30,7.2,19.8,0,,,,,,,,,
ARDTWP,T001R19W4,2018/05/31,6.1,9.7,7.3,,,,,,,,,
ARDTWP,T001R19W4,2018/06/01,6.1,14.5,2.8,,,,,,,,,
ARDTWP,T001R19W4,2018/06/02,6.9,19.8,0,,,,,,,,,
ARDTWP,T001R19W4,2018/06/03,6.5,25.3,0,,,,,,,,,
ARDTWP,T001R19W4,2018/06/04,9,22,0,,,,,,,,,
ARDTWP,T001R19W4,2018/06/05,3.4,20.2,0,,,,,,,,,
ARDTWP,T001R19W4,2018/06/06,4.3,23.7,0,,,,,,,,,
ARDTWP,T001R19W4,2018/06/07,7.3,26,0,,,,,,,,,
ARDTWP,T001R19W4,2018/06/08,12.2,26.1,0,,,,,,,,,
ARDTWP,T001R19W4,2018/06/09,9.5,27.6,17.6,,,,,,,,,
ARDTWP,T001R19W4,2018/06/10,5.4,14.1,5.7,,,,,,,,,
ARDTWP,T001R19W4,2018/06/11,3.9,14.8,0,,,,,,,,,
ARDTWP,T001R19W4,2018/06/12,4.5,19.6,0,,,,,,,,,
ARDTWP,T001R19W4,2018/06/13,6.8,22.7,0,,,,,,,,,
ARDTWP,T001R19W4,2018/06/14,5.9,18.2,0,,,,,,,,,
ARDTWP,T001R19W4,2018/06/15,5.4,17.7,17,,,,,,,,,
ARDTWP,T001R19W4,2018/06/16,7.9,13.9,12.9,,,,,,,,,
ARDTWP,T001R19W4,2018/06/17,6.4,18.1,0,,,,,,,,,
ARDTWP,T001R19W4,2018/06/18,7.7,13.5,7.5,,,,,,,,,
ARDTWP,T001R19W4,2018/06/19,9.9,18.7,3.2,,,,,,,,,
ARDTWP,T001R19W4,2018/06/20,7.8,22.6,0,,,,,,,,,
ARDTWP,T001R19W4,2018/06/21,10.7,26.2,0.6,,,,,,,,,
ARDTWP,T001R19W4,2018/06/22,11.1,23.3,0,,,,,,,,,
ARDTWP,T001R19W4,2018/06/23,9.5,16.6,5.2,,,,,,,,,
ARDTWP,T001R19W4,2018/06/24,11.9,24.6,0.2,,,,,,,,,
ARDTWP,T001R19W4,2018/06/25,11.1,26.4,0,,,,,,,,,
ARDTWP,T001R19W4,2018/06/26,7.9,20.1,0,,,,,,,,,
ARDTWP,T001R19W4,2018/06/27,5.8,22.2,0,,,,,,,,,
ARDTWP,T001R19W4,2018/06/28,8.3,18.1,0,,,,,,,,,
ARDTWP,T001R19W4,2018/06/29,7.8,18.5,0.8,,,,,,,,,
ARDTWP,T001R19W4,2018/06/30,6.4,21.2,0,,,,,,,,,
ARDTWP,T001R19W4,2018/07/01,8.8,20.7,0,,,,,,,,,
ARDTWP,T001R19W4,2018/07/02,5.9,16.4,0.2,,,,,,,,,
ARDTWP,T001R19W4,2018/07/03,5.8,14.8,6.4,,,,,,,,,
ARDTWP,T001R19W4,2018/07/04,6,19.2,0,,,,,,,,,
ARDTWP,T001R19W4,2018/07/05,7.2,26.7,0,,,,,,,,,
ARDTWP,T001R19W4,2018/07/06,13.6,33.5,0,,,,,,,,,
ARDTWP,T001R19W4,2018/07/07,10.9,26.6,0,,,,,,,,,
ARDTWP,T001R19W4,2018/07/08,7.6,25.3,0,,,,,,,,,
ARDTWP,T001R19W4,2018/07/09,9.5,30.8,0,,,,,,,,,
ARDTWP,T001R19W4,2018/07/10,12.2,26.5,0,,,,,,,,,
ARDTWP,T001R19W4,2018/07/11,9.4,24.7,0,,,,,,,,,
ARDTWP,T001R19W4,2018/07/12,10.9,28.5,0,,,,,,,,,
ARDTWP,T001R19W4,2018/07/13,12.5,31.9,0,,,,,,,,,
ARDTWP,T001R19W4,2018/07/14,8.1,19.3,0,,,,,,,,,
ARDTWP,T001R19W4,2018/07/15,6.5,27.1,0,,,,,,,,,
ARDTWP,T001R19W4,2018/07/16,9,31.5,0,,,,,,,,,
ARDTWP,T001R19W4,2018/07/17,12.6,33.4,0,,,,,,,,,
ARDTWP,T001R19W4,2018/07/18,14,28,0,,,,,,,,,
ARDTWP,T001R19W4,2018/07/19,11.3,28.9,0,,,,,,,,,
ARDTWP,T001R19W4,2018/07/20,10.7,30.1,0,,,,,,,,,
ARDTWP,T001R19W4,2018/07/21,5.6,27.8,0,,,,,,,,,
ARDTWP,T001R19W4,2018/07/22,5.2,22.1,0,,,,,,,,,
ARDTWP,T001R19W4,2018/07/23,6.8,27.8,0,,,,,,,,,
ARDTWP,T001R19W4,2018/07/24,9,24.3,8.7,,,,,,,,,
ARDTWP,T001R19W4,2018/07/25,10.5,22.3,0,,,,,,,,,
ARDTWP,T001R19W4,2018/07/26,9.2,23,3.5,,,,,,,,,
ARDTWP,T001R19W4,2018/07/27,6.8,24.2,0,,,,,,,,,
ARDTWP,T001R19W4,2018/07/28,10,25.7,0,,,,,,,,,
ARDTWP,T001R19W4,2018/07/29,9.3,28,0,,,,,,,,,
ARDTWP,T001R19W4,2018/07/30,11.4,32.6,0,,,,,,,,,
ARDTWP,T001R19W4,2018/07/31,12.2,28.4,0,,,,,,,,,
ARDTWP,T001R19W4,2018/08/01,12.9,32.9,0,,,,,,,,,
ARDTWP,T001R19W4,2018/08/02,11.8,31.2,0,,,,,,,,,
ARDTWP,T001R19W4,2018/08/03,7.8,27.5,0,,,,,,,,,
ARDTWP,T001R19W4,2018/08/04,9.8,22.8,0.4,,,,,,,,,
ARDTWP,T001R19W4,2018/08/05,8.5,22.4,0,,,,,,,,,
ARDTWP,T001R19W4,2018/08/06,9.4,29.4,0,,,,,,,,,
ARDTWP,T001R19W4,2018/08/07,14,29.9,0,,,,,,,,,
ARDTWP,T001R19W4,2018/08/08,12.1,32.2,0,,,,,,,,,
ARDTWP,T001R19W4,2018/08/09,14.6,35.2,0,,,,,,,,,
ARDTWP,T001R19W4,2018/08/10,17.3,38.6,0,,,,,,,,,
ARDTWP,T001R19W4,2018/08/11,14.8,26.3,0,,,,,,,,,
ARDTWP,T001R19W4,2018/08/12,10.3,25.8,0,,,,,,,,,
ARDTWP,T001R19W4,2018/08/13,7.8,20.3,0,,,,,,,,,
ARDTWP,T001R19W4,2018/08/14,8.4,28.4,0,,,,,,,,,
ARDTWP,T001R19W4,2018/08/15,12.3,30,0,,,,,,,,,
ARDTWP,T001R19W4,2018/08/16,9.7,30.7,0,,,,,,,,,
ARDTWP,T001R19W4,2018/08/17,15.7,31.5,0,,,,,,,,,
ARDTWP,T001R19W4,2018/08/18,8.3,22.6,0,,,,,,,,,
ARDTWP,T001R19W4,2018/08/19,4.8,21,0,,,,,,,,,
ARDTWP,T001R19W4,2018/08/20,7.1,19.1,2.7,,,,,,,,,
ARDTWP,T001R19W4,2018/08/21,4.4,22.8,0,,,,,,,,,
ARDTWP,T001R19W4,2018/08/22,7.5,30.6,0,,,,,,,,,
ARDTWP,T001R19W4,2018/08/23,13.2,29.3,0,,,,,,,,,
ARDTWP,T001R19W4,2018/08/24,7.6,19.1,0,,,,,,,,,
ARDTWP,T001R19W4,2018/08/25,4.3,21.4,0,,,,,,,,,
ARDTWP,T001R19W4,2018/08/26,9.1,19.3,0,,,,,,,,,
ARDTWP,T001R19W4,2018/08/27,1.6,9.9,35.9,,,,,,,,,
ARDTWP,T001R19W4,2018/08/28,1.3,20.4,0,,,,,,,,,
ARDTWP,T001R19W4,2018/08/29,8.7,23.6,0,,,,,,,,,
ARDTWP,T001R19W4,2018/08/30,8.6,22.8,0,,,,,,,,,
ARDTWP,T001R19W4,2018/08/31,3.6,22.1,0,,,,,,,,,
ARDTWP,T001R19W4,2018/09/01,6.3,18,0,,,,,,,,,
ARDTWP,T001R19W4,2018/09/02,4.8,21.6,0,,,,,,,,,
ARDTWP,T001R19W4,2018/09/03,4.7,18.4,0,,,,,,,,,
ARDTWP,T001R19W4,2018/09/04,3.5,14.7,0.1,,,,,,,,,
ARDTWP,T001R19W4,2018/09/05,2.2,21.9,0,,,,,,,,,
ARDTWP,T001R19W4,2018/09/06,5.5,26.1,0,,,,,,,,,
ARDTWP,T001R19W4,2018/09/07,10.3,28.9,0,,,,,,,,,
ARDTWP,T001R19W4,2018/09/08,11.6,24.5,0,,,,,,,,,
ARDTWP,T001R19W4,2018/09/09,7.8,21.9,0,,,,,,,,,
ARDTWP,T001R19W4,2018/09/10,7,22.9,0.2,,,,,,,,,
ARDTWP,T001R19W4,2018/09/11,4.6,17.5,0,,,,,,,,,
ARDTWP,T001R19W4,2018/09/12,3,16.2,0.1,,,,,,,,,
ARDTWP,T001R19W4,2018/09/13,0.5,6.5,0.6,,,,,,,,,
ARDTWP,T001R19W4,2018/09/14,0.3,13.3,0,,,,,,,,,
ARDTWP,T001R19W4,2018/09/15,3.3,12.5,0.2,,,,,,,,,
ARDTWP,T001R19W4,2018/09/16,3.1,12.8,7.2,,,,,,,,,
ARDTWP,T001R19W4,2018/09/17,1.1,16.1,0,,,,,,,,,
ARDTWP,T001R19W4,2018/09/18,1.4,7.5,0.5,,,,,,,,,
ARDTWP,T001R19W4,2018/09/19,2.6,12.2,0,,,,,,,,,
ARDTWP,T001R19W4,2018/09/20,2.7,13.5,0.4,,,,,,,,,
ARDTWP,T001R19W4,2018/09/21,3,17.1,0,,,,,,,,,
ARDTWP,T001R19W4,2018/09/22,1.8,6.6,0.1,,,,,,,,,
ARDTWP,T001R19W4,2018/09/23,0.3,15.2,0,,,,,,,,,
ARDTWP,T001R19W4,2018/09/24,1.2,12.6,1.7,,,,,,,,,
ARDTWP,T001R19W4,2018/09/25,2.2,16,0.5,,,,,,,,,
ARDTWP,T001R19W4,2018/09/26,5,18,0,,,,,,,,,
ARDTWP,T001R19W4,2018/09/27,1.7,8.3,12.1,,,,,,,,,
ARDTWP,T001R19W4,2018/09/28,1,5.6,0,,,,,,,,,
ARDTWP,T001R19W4,2018/09/29,-2.1,2.5,3.7,,,,,,,,,
ARDTWP,T001R19W4,2018/09/30,-4.1,-0.3,0.4,,,,,,,,,
ARDTWP,T001R19W4,2018/10/01,-2,10.2,0,,,,,,,,,
ARDTWP,T001R19W4,2018/10/02,-3.3,0.7,11.4,,,,,,,,,
ARDTWP,T001R19W4,2018/10/03,-5.3,0.5,3.5,,,,,,,,,
ARDTWP,T001R19W4,2018/10/04,-3.8,3.3,0,,,,,,,,,
ARDTWP,T001R19W4,2018/10/05,-4.1,10.1,0,,,,,,,,,
ARDTWP,T001R19W4,2018/10/06,-1.4,10.9,0,,,,,,,,,
ARDTWP,T001R19W4,2018/10/07,-3.4,11.6,0,,,,,,,,,
ARDTWP,T001R19W4,2018/10/08,-3.7,2,1,,,,,,,,,
ARDTWP,T001R19W4,2018/10/09,-4,-2.1,7,,,,,,,,,
ARDTWP,T001R19W4,2018/10/10,-3.9,-0.2,1.5,,,,,,,,,
ARDTWP,T001R19W4,2018/10/11,-2.5,4.7,0,,,,,,,,,
ARDTWP,T001R19W4,2018/10/12,-1.9,13.4,2,,,,,,,,,
ARDTWP,T001R19W4,2018/10/13,-4.1,-0.7,2.2,,,,,,,,,
ARDTWP,T001R19W4,2018/10/14,-5.9,7.7,0,,,,,,,,,
ARDTWP,T001R19W4,2018/10/15,4.8,15.3,0,,,,,,,,,
ARDTWP,T001R19W4,2018/10/16,2.6,18,0,,,,,,,,,
ARDTWP,T001R19W4,2018/10/17,2,22.9,0,,,,,,,,,
ARDTWP,T001R19W4,2018/10/18,3.6,19.6,0,,,,,,,,,
ARDTWP,T001R19W4,2018/10/19,0.2,16.4,0,,,,,,,,,
ARDTWP,T001R19W4,2018/10/20,2.9,22.3,0,,,,,,,,,
ARDTWP,T001R19W4,2018/10/21,-1,13.8,0,,,,,,,,,
ARDTWP,T001R19W4,2018/10/22,-3.3,14.4,0,,,,,,,,,
ARDTWP,T001R19W4,2018/10/23,-0.5,19.2,0,,,,,,,,,
ARDTWP,T001R19W4,2018/10/24,3.7,17,0,,,,,,,,,
ARDTWP,T001R19W4,2018/10/25,3,13.4,0,,,,,,,,,
ARDTWP,T001R19W4,2018/10/26,4.9,15.9,0,,,,,,,,,
ARDTWP,T001R19W4,2018/10/27,-1.3,13.3,0,,,,,,,,,
ARDTWP,T001R19W4,2018/10/28,-0.5,15.7,0,,,,,,,,,
ARDTWP,T001R19W4,2018/10/29,-0.8,10.1,0,,,,,,,,,
ARDTWP,T001R19W4,2018/10/30,-0.9,10.5,0,,,,,,,,,
ARDTWP,T001R19W4,2018/10/31,-0.5,8.5,0,,,,,,,,,
ARDTWP,T001R19W4,2018/11/01,0.5,5.6,0.6,,,,,,,,,
ARDTWP,T001R19W4,2018/11/02,-0.2,11.2,2.8,,,,,,,,,
ARDTWP,T001R19W4,2018/11/03,-2.1,10,4.1,,,,,,,,,
ARDTWP,T001R19W4,2018/11/04,-1.1,10.8,0.1,,,,,,,,,
ARDTWP,T001R19W4,2018/11/05,-7.4,-0.7,1.1,,,,,,,,,
ARDTWP,T001R19W4,2018/11/06,-10.5,-6.1,5.6,,,,,,,,,
ARDTWP,T001R19W4,2018/11/07,-15.6,-6.5,0.6,,,,,,,,,
ARDTWP,T001R19W4,2018/11/08,-14.9,-4.2,0,,,,,,,,,
ARDTWP,T001R19W4,2018/11/09,-13,3.2,0.7,,,,,,,,,
ARDTWP,T001R19W4,2018/11/10,-7.3,-0.9,7.6,,,,,,,,,
ARDTWP,T001R19W4,2018/11/11,-11.7,-2.8,0.8,,,,,,,,,
ARDTWP,T001R19W4,2018/11/12,-12.1,3.7,0,,,,,,,,,
ARDTWP,T001R19W4,2018/11/13,-2.1,7.7,0,,,,,,,,,
ARDTWP,T001R19W4,2018/11/14,1.5,7,0.1,,,,,,,,,
ARDTWP,T001R19W4,2018/11/15,0.9,6.8,0,,,,,,,,,
ARDTWP,T001R19W4,2018/11/16,-14,4.5,3.5,,,,,,,,,
ARDTWP,T001R19W4,2018/11/17,-17.3,-2.8,0,,,,,,,,,
ARDTWP,T001R19W4,2018/11/18,-5.7,4.9,0,,,,,,,,,
ARDTWP,T001R19W4,2018/11/19,-3.8,7.6,0,,,,,,,,,
ARDTWP,T001R19W4,2018/11/20,-0.1,10.5,0,,,,,,,,,
ARDTWP,T001R19W4,2018/11/21,0.7,9.3,0,,,,,,,,,
ARDTWP,T001R19W4,2018/11/22,-0.1,8.1,0,,,,,,,,,
ARDTWP,T001R19W4,2018/11/23,-4.5,5.2,0,,,,,,,,,
ARDTWP,T001R19W4,2018/11/24,-8.1,-1.9,0.6,,,,,,,,,
ARDTWP,T001R19W4,2018/11/25,-7.4,3.5,0,,,,,,,,,
ARDTWP,T001R19W4,2018/11/26,-3.4,8,0,,,,,,,,,
ARDTWP,T001R19W4,2018/11/27,3.1,9,0,,,,,,,,,
ARDTWP,T001R19W4,2018/11/28,-0.5,7.2,0,,,,,,,,,
ARDTWP,T001R19W4,2018/11/29,-3.3,6.4,0,,,,,,,,,
ARDTWP,T001R19W4,2018/11/30,-5.1,3.1,0,,,,,,,,,
ARDTWP,T001R19W4,2018/12/01,-5.4,-2.5,3.2,,,,,,,,,
ARDTWP,T001R19W4,2018/12/02,-10.2,-2.2,0.3,,,,,,,,,
ARDTWP,T001R19W4,2018/12/03,-10.6,-2.8,0.1,,,,,,,,,
ARDTWP,T001R19W4,2018/12/04,-11.7,-0.2,0,,,,,,,,,
ARDTWP,T001R19W4,2018/12/05,-17.6,-4.7,1.8,,,,,,,,,
ARDTWP,T001R19W4,2018/12/06,-17.1,-5.9,0,,,,,,,,,
ARDTWP,T001R19W4,2018/12/07,-14.2,0.2,0,,,,,,,,,
ARDTWP,T001R19W4,2018/12/08,-8.2,2,0,,,,,,,,,
ARDTWP,T001R19W4,2018/12/09,-6.6,4.9,0,,,,,,,,,
ARDTWP,T001R19W4,2018/12/10,-4.2,3.8,0,,,,,,,,,
ARDTWP,T001R19W4,2018/12/11,-5.3,3.9,0,,,,,,,,,
ARDTWP,T001R19W4,2018/12/12,-3.5,3.8,0,,,,,,,,,
ARDTWP,T001R19W4,2018/12/13,-1.5,4.4,0,,,,,,,,,
ARDTWP,T001R19W4,2018/12/14,0.7,8.6,0,,,,,,,,,
ARDTWP,T001R19W4,2018/12/15,-5.6,5.4,0,,,,,,,,,
ARDTWP,T001R19W4,2018/12/16,-5.8,9.4,0,,,,,,,,,
ARDTWP,T001R19W4,2018/12/17,0.4,9.1,0,,,,,,,,,
ARDTWP,T001R19W4,2018/12/18,-0.4,8.5,0,,,,,,,,,
ARDTWP,T001R19W4,2018/12/19,-0.4,5.8,0,,,,,,,,,
ARDTWP,T001R19W4,2018/12/20,-2.4,8,0,,,,,,,,,
ARDTWP,T001R19W4,2018/12/21,-6.3,3.6,0,,,,,,,,,
ARDTWP,T001R19W4,2018/12/22,-10.4,-0.3,0,,,,,,,,,
ARDTWP,T001R19W4,2018/12/23,-5.6,4.1,0,,,,,,,,,
ARDTWP,T001R19W4,2018/12/24,-12,-0.9,0,,,,,,,,,
ARDTWP,T001R19W4,2018/12/25,-12.9,-2.3,0,,,,,,,,,
ARDTWP,T001R19W4,2018/12/26,-12.2,-2.3,0,,,,,,,,,
ARDTWP,T001R19W4,2018/12/27,-14.2,-8.4,0,,,,,,,,,
ARDTWP,T001R19W4,2018/12/28,-9.7,-0.2,0,,,,,,,,,
ARDTWP,T001R19W4,2018/12/29,-2.5,7,0,,,,,,,,,
ARDTWP,T001R19W4,2018/12/30,-16.1,3.8,11.7,,,,,,,,,
ARDTWP,T001R19W4,2018/12/31,-19.2,-11.8,0,,,,,,,,,
ARDTWP,T001R19W4,2019/01/01,-15.28,-0.25,0,,,,,,,,,
ARDTWP,T001R19W4,2019/01/02,-1.06,5.23,0,,,,,,,,,
ARDTWP,T001R19W4,2019/01/03,1.74,7.99,0,,,,,,,,,
ARDTWP,T001R19W4,2019/01/04,1.24,7.11,0,,,,,,,,,
ARDTWP,T001R19W4,2019/01/05,-3.54,4.21,0,,,,,,,,,
ARDTWP,T001R19W4,2019/01/06,-3.51,6.07,0,,,,,,,,,
ARDTWP,T001R19W4,2019/01/07,-10.82,0.15,0,,,,,,,,,
ARDTWP,T001R19W4,2019/01/08,-15.16,-4.53,0,,,,,,,,,
ARDTWP,T001R19W4,2019/01/09,-8.39,9.38,0,,,,,,,,,
ARDTWP,T001R19W4,2019/01/10,-3.2,8.74,0,,,,,,,,,
ARDTWP,T001R19W4,2019/01/11,-5.06,7.76,0,,,,,,,,,
ARDTWP,T001R19W4,2019/01/12,-2.49,14.05,0,,,,,,,,,
ARDTWP,T001R19W4,2019/01/13,-4.64,12.71,0,,,,,,,,,
ARDTWP,T001R19W4,2019/01/14,-6.11,11.83,0,,,,,,,,,
ARDTWP,T001R19W4,2019/01/15,-8.96,3.49,0,,,,,,,,,
ARDTWP,T001R19W4,2019/01/16,-12.44,-6.85,0,,,,,,,,,
ARDTWP,T001R19W4,2019/01/17,-14.6,-7.7,4.95,,,,,,,,,
ARDTWP,T001R19W4,2019/01/18,-15.82,-4.47,2.14,,,,,,,,,
ARDTWP,T001R19W4,2019/01/19,-9.77,3.98,0,,,,,,,,,
ARDTWP,T001R19W4,2019/01/20,-5.99,1.41,0.94,,,,,,,,,
ARDTWP,T001R19W4,2019/01/21,-11.07,-2.04,0.27,,,,,,,,,
ARDTWP,T001R19W4,2019/01/22,-9.17,0.79,0,,,,,,,,,
ARDTWP,T001R19W4,2019/01/23,-18.27,-0.93,1.07,,,,,,,,,
ARDTWP,T001R19W4,2019/01/24,-18.88,0.39,0,,,,,,,,,
ARDTWP,T001R19W4,2019/01/25,-7.9,2.31,0,,,,,,,,,
ARDTWP,T001R19W4,2019/01/26,-3.05,7.86,0,,,,,,,,,
ARDTWP,T001R19W4,2019/01/27,-5.62,7.84,5.75,,,,,,,,,
ARDTWP,T001R19W4,2019/01/28,-13.05,-3.99,0.13,,,,,,,,,
ARDTWP,T001R19W4,2019/01/29,-16.27,-3.68,0,,,,,,,,,
ARDTWP,T001R19W4,2019/01/30,-7.49,3.93,0,,,,,,,,,
ARDTWP,T001R19W4,2019/01/31,-2.42,6.33,0,,,,,,,,,
ARDTWP,T001R19W4,2019/02/01,-9.54,5.89,0,,,,,,,,,
ARDTWP,T001R19W4,2019/02/02,-21.23,1.93,0.23,,,,,,,,,
ARDTWP,T001R19W4,2019/02/03,-26.87,-21.4,2.51,,,,,,,,,
ARDTWP,T001R19W4,2019/02/04,-29.04,-24.41,2.17,,,,,,,,,
ARDTWP,T001R19W4,2019/02/05,-26.72,-21.04,1.14,,,,,,,,,
ARDTWP,T001R19W4,2019/02/06,-29.76,-19.7,0.69,,,,,,,,,
ARDTWP,T001R19W4,2019/02/07,-28.18,-10.94,0,,,,,,,,,
ARDTWP,T001R19W4,2019/02/08,-24.1,-13.83,1.26,,,,,,,,,
ARDTWP,T001R19W4,2019/02/09,-28.9,-23.78,0.8,,,,,,,,,
ARDTWP,T001R19W4,2019/02/10,-31.97,-23.54,0,,,,,,,,,
ARDTWP,T001R19W4,2019/02/11,-30.1,-21.05,0,,,,,,,,,
ARDTWP,T001R19W4,2019/02/12,-26.03,-18.29,0,,,,,,,,,
ARDTWP,T001R19W4,2019/02/13,-25.58,-18.98,1.49,,,,,,,,,
ARDTWP,T001R19W4,2019/02/14,-24.59,-12.28,0.23,,,,,,,,,
ARDTWP,T001R19W4,2019/02/15,-20.53,-13.68,4,,,,,,,,,
ARDTWP,T001R19W4,2019/02/16,-19.71,-16.75,0.11,,,,,,,,,
ARDTWP,T001R19W4,2019/02/17,-26.14,-18.21,0.34,,,,,,,,,
ARDTWP,T001R19W4,2019/02/18,-28.17,-16.53,0,,,,,,,,,
ARDTWP,T001R19W4,2019/02/19,-19.5,-6.61,0,,,,,,,,,
ARDTWP,T001R19W4,2019/02/20,-12.12,-6.21,0.69,,,,,,,,,
ARDTWP,T001R19W4,2019/02/21,-20.33,-9.95,0.34,,,,,,,,,
ARDTWP,T001R19W4,2019/02/22,-16.68,-4.03,0,,,,,,,,,
ARDTWP,T001R19W4,2019/02/23,-24.44,-6.23,0.46,,,,,,,,,
ARDTWP,T001R19W4,2019/02/24,-26.53,-18.4,0.11,,,,,,,,,
ARDTWP,T001R19W4,2019/02/25,-28.5,-19.97,3.88,,,,,,,,,
ARDTWP,T001R19W4,2019/02/26,-27.5,-18.04,0.91,,,,,,,,,
ARDTWP,T001R19W4,2019/02/27,-23.29,-7.05,0,,,,,,,,,
ARDTWP,T001R19W4,2019/02/28,-12.93,-6.96,1.14,,,,,,,,,
ARDTWP,T001R19W4,2019/03/01,-26.79,-9.68,3.03,,,,,,,,,
ARDTWP,T001R19W4,2019/03/02,-32.57,-21.42,0,,,,,,,,,
ARDTWP,T001R19W4,2019/03/03,-31.19,-17.26,0,,,,,,,,,
ARDTWP,T001R19W4,2019/03/04,-26,-12.19,0,,,,,,,,,
ARDTWP,T001R19W4,2019/03/05,-20.81,-6.5,0,,,,,,,,,
ARDTWP,T001R19W4,2019/03/06,-20.23,-11.62,0,,,,,,,,,
ARDTWP,T001R19W4,2019/03/07,-16.35,1.94,0,,,,,,,,,
ARDTWP,T001R19W4,2019/03/08,-14.46,-1.01,0,,,,,,,,,
ARDTWP,T001R19W4,2019/03/09,-16.32,-2.24,0,,,,,,,,,
ARDTWP,T001R19W4,2019/03/10,-14.11,0.17,0,,,,,,,,,
ARDTWP,T001R19W4,2019/03/11,-6.24,3.79,0,,,,,,,,,
ARDTWP,T001R19W4,2019/03/12,-2.91,2.02,1.39,,,,,,,,,
ARDTWP,T001R19W4,2019/03/13,-7.83,-0.74,0.76,,,,,,,,,
ARDTWP,T001R19W4,2019/03/14,-9.91,2.69,0,,,,,,,,,
ARDTWP,T001R19W4,2019/03/15,-5.25,3.82,0,,,,,,,,,
ARDTWP,T001R19W4,2019/03/16,-6.06,6.61,0,,,,,,,,,
ARDTWP,T001R19W4,2019/03/17,-5.91,5.53,0,,,,,,,,,
ARDTWP,T001R19W4,2019/03/18,-2.56,7.88,0,,,,,,,,,
ARDTWP,T001R19W4,2019/03/19,-2.1,14.06,0,,,,,,,,,
ARDTWP,T001R19W4,2019/03/20,-0.72,12.61,0,,,,,,,,,
ARDTWP,T001R19W4,2019/03/21,-0.93,12.79,0,,,,,,,,,
ARDTWP,T001R19W4,2019/03/22,-1.06,12.09,0,,,,,,,,,
ARDTWP,T001R19W4,2019/03/23,0.14,11.95,0,,,,,,,,,
ARDTWP,T001R19W4,2019/03/24,-1.54,3.22,0.38,,,,,,,,,
ARDTWP,T001R19W4,2019/03/25,-1.59,12.33,0.25,,,,,,,,,
ARDTWP,T001R19W4,2019/03/26,0.57,12.53,0.13,,,,,,,,,
ARDTWP,T001R19W4,2019/03/27,-2.61,5.19,0.88,,,,,,,,,
ARDTWP,T001R19W4,2019/03/28,-3.37,6.05,0,,,,,,,,,
ARDTWP,T001R19W4,2019/03/29,-4.11,6.82,0,,,,,,,,,
ARDTWP,T001R19W4,2019/03/30,-2.86,13.46,0,,,,,,,,,
ARDTWP,T001R19W4,2019/03/31,-4.1,10.02,1.52,,,,,,,,,
ARDTWP,T001R19W4,2019/04/01,-2.48,6.6,0.36,,,,,,,,,
ARDTWP,T001R19W4,2019/04/02,-2.9,9.06,0,,,,,,,,,
ARDTWP,T001R19W4,2019/04/03,-2.34,11.76,0,,,,,,,,,
ARDTWP,T001R19W4,2019/04/04,1.47,13.74,0,,,,,,,,,
ARDTWP,T001R19W4,2019/04/05,-3.66,12.58,0,,,,,,,,,
ARDTWP,T001R19W4,2019/04/06,0.8,10.95,0,,,,,,,,,
ARDTWP,T001R19W4,2019/04/07,-0.68,12.98,0,,,,,,,,,
ARDTWP,T001R19W4,2019/04/08,-1.4,13.73,0,,,,,,,,,
ARDTWP,T001R19W4,2019/04/09,1.7,8.62,2.71,,,,,,,,,
ARDTWP,T001R19W4,2019/04/10,0.15,8.44,2.17,,,,,,,,,
ARDTWP,T001R19W4,2019/04/11,-2.12,8.61,0.81,,,,,,,,,
ARDTWP,T001R19W4,2019/04/12,-2.8,7.57,2.35,,,,,,,,,
ARDTWP,T001R19W4,2019/04/13,-3.08,11.03,0,,,,,,,,,
ARDTWP,T001R19W4,2019/04/14,-0.36,9.42,0,,,,,,,,,
ARDTWP,T001R19W4,2019/04/15,-1.55,10.27,0,,,,,,,,,
ARDTWP,T001R19W4,2019/04/16,-3.35,12.4,0,,,,,,,,,
ARDTWP,T001R19W4,2019/04/17,0.69,14.02,0,,,,,,,,,
ARDTWP,T001R19W4,2019/04/18,-0.84,17.24,0,,,,,,,,,
ARDTWP,T001R19W4,2019/04/19,6.2,20.1,0,,,,,,,,,
ARDTWP,T001R19W4,2019/04/20,2.28,6.68,3.61,,,,,,,,,
ARDTWP,T001R19W4,2019/04/21,-1.13,13.25,0,,,,,,,,,
ARDTWP,T001R19W4,2019/04/22,1.08,19,0,,,,,,,,,
ARDTWP,T001R19W4,2019/04/23,7.25,18.3,0.36,,,,,,,,,
ARDTWP,T001R19W4,2019/04/24,-0.43,15.7,0.09,,,,,,,,,
ARDTWP,T001R19W4,2019/04/25,-1.41,13.98,0,,,,,,,,,
ARDTWP,T001R19W4,2019/04/26,-1.65,10.93,0,,,,,,,,,
ARDTWP,T001R19W4,2019/04/27,-2.48,10.66,0.9,,,,,,,,,
ARDTWP,T001R19W4,2019/04/28,-7.56,0.13,4.51,,,,,,,,,
ARDTWP,T001R19W4,2019/04/29,-10.25,4.14,0,,,,,,,,,
ARDTWP,T001R19W4,2019/04/30,-7.35,6.56,0,,,,,,,,,
ARDTWP,T001R19W4,2019/05/01,-6.1,8.78,0,,,,,,,,,
ARDTWP,T001R19W4,2019/05/02,-0.34,10,0,,,,,,,,,
ARDTWP,T001R19W4,2019/05/03,0.64,15.36,0,,,,,,,,,
ARDTWP,T001R19W4,2019/05/04,-2.52,11.16,3.65,,,,,,,,,
ARDTWP,T001R19W4,2019/05/05,-3.1,1.85,2.54,,,,,,,,,
ARDTWP,T001R19W4,2019/05/06,-0.92,11.57,0,,,,,,,,,
ARDTWP,T001R19W4,2019/05/07,2.46,10,1.88,,,,,,,,,
ARDTWP,T001R19W4,2019/05/08,0.48,12.38,1.99,,,,,,,,,
ARDTWP,T001R19W4,2019/05/09,-0.19,14.97,0,,,,,,,,,
ARDTWP,T001R19W4,2019/05/10,6.89,16.57,0.33,,,,,,,,,
ARDTWP,T001R19W4,2019/05/11,2.63,22.4,0,,,,,,,,,
ARDTWP,T001R19W4,2019/05/12,10.79,24.86,0,,,,,,,,,
ARDTWP,T001R19W4,2019/05/13,9.36,20.33,0,,,,,,,,,
ARDTWP,T001R19W4,2019/05/14,6.5,23.4,0,,,,,,,,,
ARDTWP,T001R19W4,2019/05/15,6.84,19.49,0,,,,,,,,,
ARDTWP,T001R19W4,2019/05/16,3.85,8.57,6.3,,,,,,,,,
ARDTWP,T001R19W4,2019/05/17,0.51,4.32,12.71,,,,,,,,,
ARDTWP,T001R19W4,2019/05/18,-0.73,4.85,7.52,,,,,,,,,
ARDTWP,T001R19W4,2019/05/19,-0.93,9.75,0.22,,,,,,,,,
ARDTWP,T001R19W4,2019/05/20,-1.73,7.33,0,,,,,,,,,
ARDTWP,T001R19W4,2019/05/21,2.81,7.06,7.63,,,,,,,,,
ARDTWP,T001R19W4,2019/05/22,2.53,16.32,1.11,,,,,,,,,
ARDTWP,T001R19W4,2019/05/23,4.43,19.78,0,,,,,,,,,
ARDTWP,T001R19W4,2019/05/24,4.29,17.42,0,,,,,,,,,
ARDTWP,T001R19W4,2019/05/25,4.99,15.49,6.52,,,,,,,,,
ARDTWP,T001R19W4,2019/05/26,5.62,13.29,4.86,,,,,,,,,
ARDTWP,T001R19W4,2019/05/27,5.02,15.04,0,,,,,,,,,
ARDTWP,T001R19W4,2019/05/28,2.12,20.12,0,,,,,,,,,
ARDTWP,T001R19W4,2019/05/29,5.04,24.38,0,,,,,,,,,
ARDTWP,T001R19W4,2019/05/30,9.21,25.83,8.96,,,,,,,,,
ARDTWP,T001R19W4,2019/05/31,8.47,20.63,0.11,,,,,,,,,
ARDTWP,T001R19W4,2019/06/01,7.98,25.53,0,,,,,,,,,
ARDTWP,T001R19W4,2019/06/02,11.78,27.14,0,,,,,,,,,
ARDTWP,T001R19W4,2019/06/03,10.72,25.73,0,,,,,,,,,
ARDTWP,T001R19W4,2019/06/04,4.76,23.69,0,,,,,,,,,
ARDTWP,T001R19W4,2019/06/05,4.59,23.56,0,,,,,,,,,
ARDTWP,T001R19W4,2019/06/06,8.68,19.79,0.81,,,,,,,,,
ARDTWP,T001R19W4,2019/06/07,3.4,15.35,0.1,,,,,,,,,
ARDTWP,T001R19W4,2019/06/08,0.86,13.84,0.3,,,,,,,,,
ARDTWP,T001R19W4,2019/06/09,1.88,18.88,0,,,,,,,,,
ARDTWP,T001R19W4,2019/06/10,5.69,20.34,0,,,,,,,,,
ARDTWP,T001R19W4,2019/06/11,5.67,21.56,0,,,,,,,,,
ARDTWP,T001R19W4,2019/06/12,7.59,25.46,0,,,,,,,,,
ARDTWP,T001R19W4,2019/06/13,10.94,28.2,0,,,,,,,,,
ARDTWP,T001R19W4,2019/06/14,9.56,17.82,2.13,,,,,,,,,
ARDTWP,T001R19W4,2019/06/15,9.33,20.46,0.91,,,,,,,,,
ARDTWP,T001R19W4,2019/06/16,10.31,22.14,0,,,,,,,,,
ARDTWP,T001R19W4,2019/06/17,8.74,24.64,0.51,,,,,,,,,
ARDTWP,T001R19W4,2019/06/18,9.25,22.42,0,,,,,,,,,
ARDTWP,T001R19W4,2019/06/19,4.91,20.63,4.36,,,,,,,,,
ARDTWP,T001R19W4,2019/06/20,2.69,14.51,2.44,,,,,,,,,
ARDTWP,T001R19W4,2019/06/21,3.39,14.85,3.15,,,,,,,,,
ARDTWP,T001R19W4,2019/06/22,7.64,19.34,0.1,,,,,,,,,
ARDTWP,T001R19W4,2019/06/23,7.74,18.04,0.61,,,,,,,,,
ARDTWP,T001R19W4,2019/06/24,7.43,16.55,2.54,,,,,,,,,
ARDTWP,T001R19W4,2019/06/25,4.85,19.77,0,,,,,,,,,
ARDTWP,T001R19W4,2019/06/26,5.99,22.48,0.91,,,,,,,,,
ARDTWP,T001R19W4,2019/06/27,7.4,16.75,5.58,,,,,,,,,
ARDTWP,T001R19W4,2019/06/28,6.38,21.91,0,,,,,,,,,
ARDTWP,T001R19W4,2019/06/29,7.68,21.96,0,,,,,,,,,
ARDTWP,T001R19W4,2019/06/30,5.04,22.62,0,,,,,,,,,
ARDTWP,T001R19W4,2019/07/01,7.46,25.72,0.1,,,,,,,,,
ARDTWP,T001R19W4,2019/07/02,5.9,15.83,1.14,,,,,,,,,
ARDTWP,T001R19W4,2019/07/03,7.6,19.43,3.83,,,,,,,,,
ARDTWP,T001R19W4,2019/07/04,5.57,18.7,6.31,,,,,,,,,
ARDTWP,T001R19W4,2019/07/05,8.5,15.13,0.21,,,,,,,,,
ARDTWP,T001R19W4,2019/07/06,6.99,26.48,0.1,,,,,,,,,
ARDTWP,T001R19W4,2019/07/07,9.7,23.35,1.14,,,,,,,,,
ARDTWP,T001R19W4,2019/07/08,6.72,20.48,0.1,,,,,,,,,
ARDTWP,T001R19W4,2019/07/09,9.64,23.79,0,,,,,,,,,
ARDTWP,T001R19W4,2019/07/10,10.84,27.75,0,,,,,,,,,
ARDTWP,T001R19W4,2019/07/11,11.86,26.14,0,,,,,,,,,
ARDTWP,T001R19W4,2019/07/12,11.12,27.03,0,,,,,,,,,
ARDTWP,T001R19W4,2019/07/13,12.2,29.72,0,,,,,,,,,
ARDTWP,T001R19W4,2019/07/14,10.5,28.25,0,,,,,,,,,
ARDTWP,T001R19W4,2019/07/15,8.64,24.95,0,,,,,,,,,
ARDTWP,T001R19W4,2019/07/16,9.8,22.33,0.21,,,,,,,,,
ARDTWP,T001R19W4,2019/07/17,7.66,23.76,0.1,,,,,,,,,
ARDTWP,T001R19W4,2019/07/18,8.2,20.8,0.1,,,,,,,,,
ARDTWP,T001R19W4,2019/07/19,4.37,20.03,0,,,,,,,,,
ARDTWP,T001R19W4,2019/07/20,5.98,13.29,5.69,,,,,,,,,
ARDTWP,T001R19W4,2019/07/21,4.84,23.64,0,,,,,,,,,
ARDTWP,T001R19W4,2019/07/22,8.41,30.66,0,,,,,,,,,
ARDTWP,T001R19W4,2019/07/23,13.72,34.46,5.79,,,,,,,,,
ARDTWP,T001R19W4,2019/07/24,11.56,24.65,0.21,,,,,,,,,
ARDTWP,T001R19W4,2019/07/25,8.43,26.4,0,,,,,,,,,
ARDTWP,T001R19W4,2019/07/26,10.31,29.79,0,,,,,,,,,
ARDTWP,T001R19W4,2019/07/27,11.85,29.38,0,,,,,,,,,
ARDTWP,T001R19W4,2019/07/28,8.29,24.18,0,,,,,,,,,
ARDTWP,T001R19W4,2019/07/29,9.71,28.59,0,,,,,,,,,
ARDTWP,T001R19W4,2019/07/30,8.75,29.88,0,,,,,,,,,
ARDTWP,T001R19W4,2019/07/31,9.63,30.07,0,,,,,,,,,
ARDTWP,T001R19W4,2019/08/01,12.57,32.9,0,,,,,,,,,
ARDTWP,T001R19W4,2019/08/02,12.79,33.07,0,,,,,,,,,
ARDTWP,T001R19W4,2019/08/03,11.59,28.38,0,,,,,,,,,
ARDTWP,T001R19W4,2019/08/04,8.35,25.98,0,,,,,,,,,
ARDTWP,T001R19W4,2019/08/05,8.55,30.86,0,,,,,,,,,
ARDTWP,T001R19W4,2019/08/06,10.27,27.71,0,,,,,,,,,
ARDTWP,T001R19W4,2019/08/07,10.98,29.08,0,,,,,,,,,
ARDTWP,T001R19W4,2019/08/08,11.6,32.27,0,,,,,,,,,
ARDTWP,T001R19W4,2019/08/09,11.91,21.56,0.47,,,,,,,,,
ARDTWP,T001R19W4,2019/08/10,9.82,13.16,2.37,,,,,,,,,
ARDTWP,T001R19W4,2019/08/11,10.61,20.98,0.09,,,,,,,,,
ARDTWP,T001R19W4,2019/08/12,9.88,19.62,0.28,,,,,,,,,
ARDTWP,T001R19W4,2019/08/13,8.69,22.69,0.09,,,,,,,,,
ARDTWP,T001R19W4,2019/08/14,8.24,25.28,1.04,,,,,,,,,
ARDTWP,T001R19W4,2019/08/15,9.22,25.6,0,,,,,,,,,
ARDTWP,T001R19W4,2019/08/16,7.98,19.65,3.51,,,,,,,,,
ARDTWP,T001R19W4,2019/08/17,6.49,18.44,4.75,,,,,,,,,
ARDTWP,T001R19W4,2019/08/18,8.54,26.31,0,,,,,,,,,
ARDTWP,T001R19W4,2019/08/19,9.71,25.28,0,,,,,,,,,
ARDTWP,T001R19W4,2019/08/20,7.06,27.03,0,,,,,,,,,
ARDTWP,T001R19W4,2019/08/21,12.31,32.08,0,,,,,,,,,
ARDTWP,T001R19W4,2019/08/22,12.44,21.71,8.07,,,,,,,,,
ARDTWP,T001R19W4,2019/08/23,8.99,25,0,,,,,,,,,
ARDTWP,T001R19W4,2019/08/24,12.71,25.38,0,,,,,,,,,
ARDTWP,T001R19W4,2019/08/25,6.63,16.83,3.7,,,,,,,,,
ARDTWP,T001R19W4,2019/08/26,6.64,17.27,0.57,,,,,,,,,
ARDTWP,T001R19W4,2019/08/27,3.73,24.13,0.09,,,,,,,,,
ARDTWP,T001R19W4,2019/08/28,10.55,22.81,0,,,,,,,,,
ARDTWP,T001R19W4,2019/08/29,8.48,24.09,0,,,,,,,,,
ARDTWP,T001R19W4,2019/08/30,7.14,25.1,3.61,,,,,,,,,
ARDTWP,T001R19W4,2019/08/31,8.26,25.74,0,,,,,,,,,
ARDTWP,T001R19W4,2019/09/01,8.42,25.67,0,,,,,,,,,
ARDTWP,T001R19W4,2019/09/02,8.85,21.25,0.12,,,,,,,,,
ARDTWP,T001R19W4,2019/09/03,7.7,28.63,0,,,,,,,,,
ARDTWP,T001R19W4,2019/09/04,12.41,26.86,0,,,,,,,,,
ARDTWP,T001R19W4,2019/09/05,8.78,22.86,0,,,,,,,,,
ARDTWP,T001R19W4,2019/09/06,10.57,18.02,3.47,,,,,,,,,
ARDTWP,T001R19W4,2019/09/07,10.24,19.92,1.67,,,,,,,,,
ARDTWP,T001R19W4,2019/09/08,8.23,17.32,0.12,,,,,,,,,
ARDTWP,T001R19W4,2019/09/09,7.91,10.62,14.7,,,,,,,,,
ARDTWP,T001R19W4,2019/09/10,6.22,9.78,7.29,,,,,,,,,
ARDTWP,T001R19W4,2019/09/11,4.95,16.02,0,,,,,,,,,
ARDTWP,T001R19W4,2019/09/12,4.76,21.78,0,,,,,,,,,
ARDTWP,T001R19W4,2019/09/13,8.29,20.68,0.12,,,,,,,,,
ARDTWP,T001R19W4,2019/09/14,7.91,20.3,0,,,,,,,,,
ARDTWP,T001R19W4,2019/09/15,7.35,26.93,0,,,,,,,,,
ARDTWP,T001R19W4,2019/09/16,8.99,24.42,0.12,,,,,,,,,
ARDTWP,T001R19W4,2019/09/17,5.33,17.1,0.6,,,,,,,,,
ARDTWP,T001R19W4,2019/09/18,2.58,16.13,0.96,,,,,,,,,
ARDTWP,T001R19W4,2019/09/19,6.11,14.75,1.19,,,,,,,,,
ARDTWP,T001R19W4,2019/09/20,5.07,17.15,0.84,,,,,,,,,
ARDTWP,T001R19W4,2019/09/21,4.09,18.41,1.08,,,,,,,,,
ARDTWP,T001R19W4,2019/09/22,7.83,22.72,0,,,,,,,,,
ARDTWP,T001R19W4,2019/09/23,8.45,18.6,0.12,,,,,,,,,
ARDTWP,T001R19W4,2019/09/24,5.44,17.87,0,,,,,,,,,
ARDTWP,T001R19W4,2019/09/25,3.87,17.66,0,,,,,,,,,
ARDTWP,T001R19W4,2019/09/26,3.06,17.58,2.63,,,,,,,,,
ARDTWP,T001R19W4,2019/09/27,-1.71,6.31,0.96,,,,,,,,,
ARDTWP,T001R19W4,2019/09/28,-4.07,-1.18,9.2,,,,,,,,,
ARDTWP,T001R19W4,2019/09/29,-3.55,-1.98,11.47,,,,,,,,,
ARDTWP,T001R19W4,2019/09/30,-10.05,-1.66,0.84,,,,,,,,,
ARDTWP,T001R19W4,2019/10/01,-11.01,-1.27,0,,,,,,,,,
ARDTWP,T001R19W4,2019/10/02,-8.68,3.16,0,,,,,,,,,
ARDTWP,T001R19W4,2019/10/03,-6.33,6.39,0,,,,,,,,,
ARDTWP,T001R19W4,2019/10/04,1.26,7.71,0,,,,,,,,,
ARDTWP,T001R19W4,2019/10/05,1.19,7.23,0,,,,,,,,,
ARDTWP,T001R19W4,2019/10/06,1.68,11.07,0,,,,,,,,,
ARDTWP,T001R19W4,2019/10/07,4.78,13.41,0,,,,,,,,,
ARDTWP,T001R19W4,2019/10/08,-6.4,9.06,5.2,,,,,,,,,
ARDTWP,T001R19W4,2019/10/09,-12.42,-3.73,0.74,,,,,,,,,
ARDTWP,T001R19W4,2019/10/10,-13.74,-0.56,0,,,,,,,,,
ARDTWP,T001R19W4,2019/10/11,-7.82,5.64,0,,,,,,,,,
ARDTWP,T001R19W4,2019/10/12,-4.83,12.35,0,,,,,,,,,
ARDTWP,T001R19W4,2019/10/13,-0.78,11.5,0,,,,,,,,,
ARDTWP,T001R19W4,2019/10/14,-0.83,5.25,0.09,,,,,,,,,
ARDTWP,T001R19W4,2019/10/15,-4.09,9.63,0,,,,,,,,,
ARDTWP,T001R19W4,2019/10/16,5.04,19.63,0,,,,,,,,,
ARDTWP,T001R19W4,2019/10/17,2.65,14.58,0,,,,,,,,,
ARDTWP,T001R19W4,2019/10/18,0.74,9.91,0,,,,,,,,,
ARDTWP,T001R19W4,2019/10/19,-1.65,8.76,0.09,,,,,,,,,
ARDTWP,T001R19W4,2019/10/20,-3.55,8.88,0,,,,,,,,,
ARDTWP,T001R19W4,2019/10/21,-2.13,8.68,0,,,,,,,,,
ARDTWP,T001R19W4,2019/10/22,0.63,13.42,0.28,,,,,,,,,
ARDTWP,T001R19W4,2019/10/23,-5.42,4.32,8.26,,,,,,,,,
ARDTWP,T001R19W4,2019/10/24,-4.59,11.64,0,,,,,,,,,
ARDTWP,T001R19W4,2019/10/25,-1.03,18.3,4.46,,,,,,,,,
ARDTWP,T001R19W4,2019/10/26,-8.68,0.18,1.49,,,,,,,,,
ARDTWP,T001R19W4,2019/10/27,-9.06,-1.15,0,,,,,,,,,
ARDTWP,T001R19W4,2019/10/28,-13.05,-1.98,1.86,,,,,,,,,
ARDTWP,T001R19W4,2019/10/29,-17.01,-6.47,0,,,,,,,,,
ARDTWP,T001R19W4,2019/10/30,-12.54,2.14,0,,,,,,,,,
ARDTWP,T001R19W4,2019/10/31,-3.21,2.86,0,,,,,,,,,
ARDTWP,T001R19W4,2019/11/01,-5.57,3.81,0,,,,,,,,,
ARDTWP,T001R19W4,2019/11/02,0.76,8.32,0,,,,,,,,,
ARDTWP,T001R19W4,2019/11/03,-1.85,2.75,4.26,,,,,,,,,
ARDTWP,T001R19W4,2019/11/04,-2.86,0.91,1.25,,,,,,,,,
ARDTWP,T001R19W4,2019/11/05,-11.07,-0.38,4.01,,,,,,,,,
ARDTWP,T001R19W4,2019/11/06,-19.88,-8.47,1.63,,,,,,,,,
ARDTWP,T001R19W4,2019/11/07,-11.77,5.06,0,,,,,,,,,
ARDTWP,T001R19W4,2019/11/08,2.6,11.27,0,,,,,,,,,
ARDTWP,T001R19W4,2019/11/09,-8.66,9.71,0,,,,,,,,,
ARDTWP,T001R19W4,2019/11/10,-21.77,-8.93,5.01,,,,,,,,,
ARDTWP,T001R19W4,2019/11/11,-19.94,2.17,0,,,,,,,,,
ARDTWP,T001R19W4,2019/11/12,-0.31,5.11,0.88,,,,,,,,,
ARDTWP,T001R19W4,2019/11/13,-1.38,7.67,0,,,,,,,,,
ARDTWP,T001R19W4,2019/11/14,-3.51,8.82,0,,,,,,,,,
ARDTWP,T001R19W4,2019/11/15,2.73,11.99,0,,,,,,,,,
ARDTWP,T001R19W4,2019/11/16,0.38,8.43,0,,,,,,,,,
ARDTWP,T001R19W4,2019/11/17,2.83,12.95,0,,,,,,,,,
ARDTWP,T001R19W4,2019/11/18,1.43,10.43,0,,,,,,,,,
ARDTWP,T001R19W4,2019/11/19,-2.65,2.19,7.76,,,,,,,,,
ARDTWP,T001R19W4,2019/11/20,-11.23,-1.73,2.88,,,,,,,,,
ARDTWP,T001R19W4,2019/11/21,-10,0.63,0,,,,,,,,,
ARDTWP,T001R19W4,2019/11/22,-4.92,5.8,0,,,,,,,,,
ARDTWP,T001R19W4,2019/11/23,2.15,6.22,0,,,,,,,,,
ARDTWP,T001R19W4,2019/11/24,-2.31,5.67,0,,,,,,,,,
ARDTWP,T001R19W4,2019/11/25,-7.5,0.66,0,,,,,,,,,
ARDTWP,T001R19W4,2019/11/26,-8.15,-3.75,1.5,,,,,,,,,
ARDTWP,T001R19W4,2019/11/27,-14.35,-6.65,3.26,,,,,,,,,
ARDTWP,T001R19W4,2019/11/28,-19.03,-13.52,1,,,,,,,,,
ARDTWP,T001R19W4,2019/11/29,-23.57,-14.81,0.25,,,,,,,,,
ARDTWP,T001R19W4,2019/11/30,-16,-7.6,0.63,,,,,,,,,
ARDTWP,T001R19W4,2019/12/01,-13.22,1.12,0,,,,,,,,,
ARDTWP,T001R19W4,2019/12/02,-2.39,2.55,0,,,,,,,,,
ARDTWP,T001R19W4,2019/12/03,0.57,5.18,0,,,,,,,,,
ARDTWP,T001R19W4,2019/12/04,-5.09,4.64,0,,,,,,,,,
ARDTWP,T001R19W4,2019/12/05,-6.43,0.02,0,,,,,,,,,
ARDTWP,T001R19W4,2019/12/06,-4.35,5.17,0,,,,,,,,,
ARDTWP,T001R19W4,2019/12/07,-8.31,4.89,0,,,,,,,,,
ARDTWP,T001R19W4,2019/12/08,-16.42,-7.3,1.86,,,,,,,,,
ARDTWP,T001R19W4,2019/12/09,-11.91,-1.68,0,,,,,,,,,
ARDTWP,T001R19W4,2019/12/10,-11.42,-0.06,0,,,,,,,,,
ARDTWP,T001R19W4,2019/12/11,-10.33,0.11,0,,,,,,,,,
ARDTWP,T001R19W4,2019/12/12,-12.8,3,0,,,,,,,,,
ARDTWP,T001R19W4,2019/12/13,-15.7,-8.93,4.56,,,,,,,,,
ARDTWP,T001R19W4,2019/12/14,-14.17,-3.27,0,,,,,,,,,
ARDTWP,T001R19W4,2019/12/15,-12.19,-3.13,0,,,,,,,,,
ARDTWP,T001R19W4,2019/12/16,-10.61,-1.21,0,,,,,,,,,
ARDTWP,T001R19W4,2019/12/17,-1.84,3.08,0,,,,,,,,,
ARDTWP,T001R19W4,2019/12/18,-1.77,2.46,0,,,,,,,,,
ARDTWP,T001R19W4,2019/12/19,-4.51,2.88,0,,,,,,,,,
ARDTWP,T001R19W4,2019/12/20,-0.84,6.81,0,,,,,,,,,
ARDTWP,T001R19W4,2019/12/21,3,8.59,0,,,,,,,,,
ARDTWP,T001R19W4,2019/12/22,-4.37,5.87,0,,,,,,,,,
ARDTWP,T001R19W4,2019/12/23,-5.04,1.1,0,,,,,,,,,
ARDTWP,T001R19W4,2019/12/24,-5.95,1.35,0,,,,,,,,,
ARDTWP,T001R19W4,2019/12/25,-9.1,0.03,0,,,,,,,,,
ARDTWP,T001R19W4,2019/12/26,-10.58,1.46,0,,,,,,,,,
ARDTWP,T001R19W4,2019/12/27,-8.24,0.27,0,,,,,,,,,
ARDTWP,T001R19W4,2019/12/28,-10.52,-0.06,0,,,,,,,,,
ARDTWP,T001R19W4,2019/12/29,-10.74,-1.49,0,,,,,,,,,
ARDTWP,T001R19W4,2019/12/30,-8.01,5.73,0,,,,,,,,,
ARDTWP,T001R19W4,2019/12/31,-0.6,5.31,0,,,,,,,,,
ARDTWP,T001R19W4,2020/01/01,-2.66,5.1,0,,,,,,,,,
ARDTWP,T001R19W4,2020/01/02,-10.59,2.09,0.17,,,,,,,,,
ARDTWP,T001R19W4,2020/01/03,-6.62,6.03,0,,,,,,,,,
ARDTWP,T001R19W4,2020/01/04,-3.75,6.13,0,,,,,,,,,
ARDTWP,T001R19W4,2020/01/05,-5.47,2.65,0,,,,,,,,,
ARDTWP,T001R19W4,2020/01/06,-6.82,1.47,0,,,,,,,,,
ARDTWP,T001R19W4,2020/01/07,-5.56,0.68,1.5,,,,,,,,,
ARDTWP,T001R19W4,2020/01/08,-12.88,3.58,0.33,,,,,,,,,
ARDTWP,T001R19W4,2020/01/09,-19.62,-12.86,1.5,,,,,,,,,
ARDTWP,T001R19W4,2020/01/10,-20.75,-3.59,0,,,,,,,,,
ARDTWP,T001R19W4,2020/01/11,-17,-3.04,0,,,,,,,,,
ARDTWP,T001R19W4,2020/01/12,-25.35,-16.94,0.67,,,,,,,,,
ARDTWP,T001R19W4,2020/01/13,-28.73,-24.67,0.5,,,,,,,,,
ARDTWP,T001R19W4,2020/01/14,-30.15,-24.88,0.67,,,,,,,,,
ARDTWP,T001R19W4,2020/01/15,-32.53,-24.82,0.33,,,,,,,,,
ARDTWP,T001R19W4,2020/01/16,-30.05,-23.05,0,,,,,,,,,
ARDTWP,T001R19W4,2020/01/17,-29.5,-23.3,1.17,,,,,,,,,
ARDTWP,T001R19W4,2020/01/18,-29.55,-11.13,0,,,,,,,,,
ARDTWP,T001R19W4,2020/01/19,-11.71,3.01,0,,,,,,,,,
ARDTWP,T001R19W4,2020/01/20,-4.8,6.02,0,,,,,,,,,
ARDTWP,T001R19W4,2020/01/21,-1.5,5.92,0,,,,,,,,,
ARDTWP,T001R19W4,2020/01/22,-4.24,3.79,0,,,,,,,,,
ARDTWP,T001R19W4,2020/01/23,-4.73,7.11,0,,,,,,,,,
ARDTWP,T001R19W4,2020/01/24,0.71,7.04,0,,,,,,,,,
ARDTWP,T001R19W4,2020/01/25,-1.93,6.2,0,,,,,,,,,
ARDTWP,T001R19W4,2020/01/26,-4.5,4.97,0,,,,,,,,,
ARDTWP,T001R19W4,2020/01/27,-2.15,5.64,0,,,,,,,,,
ARDTWP,T001R19W4,2020/01/28,-4.69,6.55,0,,,,,,,,,
ARDTWP,T001R19W4,2020/01/29,-4.77,6.76,0,,,,,,,,,
ARDTWP,T001R19W4,2020/01/30,-4.18,6.42,0,,,,,,,,,
ARDTWP,T001R19W4,2020/01/31,1.35,10.33,0,,,,,,,,,
ARDTWP,T001R19W4,2020/02/01,-0.46,11.05,0.23,,,,,,,,,
ARDTWP,T001R19W4,2020/02/02,-8.49,0.83,0.23,,,,,,,,,
ARDTWP,T001R19W4,2020/02/03,-13.65,-6.73,0.11,,,,,,,,,
ARDTWP,T001R19W4,2020/02/04,-14.49,0.23,0,,,,,,,,,
ARDTWP,T001R19W4,2020/02/05,-4.76,4.04,0,,,,,,,,,
ARDTWP,T001R19W4,2020/02/06,-6.11,3.44,0,,,,,,,,,
ARDTWP,T001R19W4,2020/02/07,-7.09,2.3,0,,,,,,,,,
ARDTWP,T001R19W4,2020/02/08,-9.99,-1.24,1.35,,,,,,,,,
ARDTWP,T001R19W4,2020/02/09,-12.2,-0.1,1.02,,,,,,,,,
ARDTWP,T001R19W4,2020/02/10,-9.72,-1.63,0.79,,,,,,,,,
ARDTWP,T001R19W4,2020/02/11,-5.77,2.62,1.58,,,,,,,,,
ARDTWP,T001R19W4,2020/02/12,-14.31,-4.15,0.45,,,,,,,,,
ARDTWP,T001R19W4,2020/02/13,-13.76,3.97,0,,,,,,,,,
ARDTWP,T001R19W4,2020/02/14,-5.89,1.58,0,,,,,,,,,
ARDTWP,T001R19W4,2020/02/15,-7.58,1.87,0,,,,,,,,,
ARDTWP,T001R19W4,2020/02/16,-8.31,1.01,0.11,,,,,,,,,
ARDTWP,T001R19W4,2020/02/17,-15.72,-2.02,0.23,,,,,,,,,
ARDTWP,T001R19W4,2020/02/18,-17.48,-7.57,1.35,,,,,,,,,
ARDTWP,T001R19W4,2020/02/19,-16.26,-0.82,0,,,,,,,,,
ARDTWP,T001R19W4,2020/02/20,-9.8,5,0,,,,,,,,,
ARDTWP,T001R19W4,2020/02/21,-5.81,6.27,0,,,,,,,,,
ARDTWP,T001R19W4,2020/02/22,-5.89,6.69,0,,,,,,,,,
ARDTWP,T001R19W4,2020/02/23,-5.68,5.86,0,,,,,,,,,
ARDTWP,T001R19W4,2020/02/24,-6.09,-1.3,4.85,,,,,,,,,
ARDTWP,T001R19W4,2020/02/25,-11.96,-0.07,0,,,,,,,,,
ARDTWP,T001R19W4,2020/02/26,-2.3,4.8,0,,,,,,,,,
ARDTWP,T001R19W4,2020/02/27,-2.26,6.48,0,,,,,,,,,
ARDTWP,T001R19W4,2020/02/28,1.63,11.36,0,,,,,,,,,
ARDTWP,T001R19W4,2020/02/29,-2.98,7.28,0.9,,,,,,,,,
ARDTWP,T001R19W4,2020/03/01,-8.68,1.57,0.32,,,,,,,,,
ARDTWP,T001R19W4,2020/03/02,-1.68,5.78,0,,,,,,,,,
ARDTWP,T001R19W4,2020/03/03,0.65,9.04,0,,,,,,,,,
ARDTWP,T001R19W4,2020/03/04,-5,3.44,1.17,,,,,,,,,
ARDTWP,T001R19W4,2020/03/05,-7.18,9.43,0,,,,,,,,,
ARDTWP,T001R19W4,2020/03/06,-0.09,12.24,0,,,,,,,,,
ARDTWP,T001R19W4,2020/03/07,-12.28,-0.7,0.21,,,,,,,,,
ARDTWP,T001R19W4,2020/03/08,-16.17,3.48,0.11,,,,,,,,,
ARDTWP,T001R19W4,2020/03/09,-11.14,2.05,0,,,,,,,,,
ARDTWP,T001R19W4,2020/03/10,-7.52,4.17,0,,,,,,,,,
ARDTWP,T001R19W4,2020/03/11,-4.66,6.94,1.07,,,,,,,,,
ARDTWP,T001R19W4,2020/03/12,-8.72,0.63,0.64,,,,,,,,,
ARDTWP,T001R19W4,2020/03/13,-17.23,-6.17,4.16,,,,,,,,,
ARDTWP,T001R19W4,2020/03/14,-21.06,-17.09,1.39,,,,,,,,,
ARDTWP,T001R19W4,2020/03/15,-21.14,-12.94,0,,,,,,,,,
ARDTWP,T001R19W4,2020/03/16,-17.05,-0.34,0,,,,,,,,,
ARDTWP,T001R19W4,2020/03/17,-9.65,-0.61,0,,,,,,,,,
ARDTWP,T001R19W4,2020/03/18,-12.23,-4.59,0,,,,,,,,,
ARDTWP,T001R19W4,2020/03/19,-12.64,-7.52,0,,,,,,,,,
ARDTWP,T001R19W4,2020/03/20,-12.79,0.93,0,,,,,,,,,
ARDTWP,T001R19W4,2020/03/21,-8.89,3.39,0,,,,,,,,,
ARDTWP,T001R19W4,2020/03/22,-9.23,5.28,0,,,,,,,,,
ARDTWP,T001R19W4,2020/03/23,-0.85,8.11,0,,,,,,,,,
ARDTWP,T001R19W4,2020/03/24,-5.2,0.32,0.96,,,,,,,,,
ARDTWP,T001R19W4,2020/03/25,-5.96,0.23,0.11,,,,,,,,,
ARDTWP,T001R19W4,2020/03/26,-5.5,5.41,0,,,,,,,,,
ARDTWP,T001R19W4,2020/03/27,-2.5,7,0,,,,,,,,,
ARDTWP,T001R19W4,2020/03/28,0.02,9.56,0,,,,,,,,,
ARDTWP,T001R19W4,2020/03/29,0.68,8.97,0,,,,,,,,,
ARDTWP,T001R19W4,2020/03/30,-1.99,10.04,0.64,,,,,,,,,
ARDTWP,T001R19W4,2020/03/31,-12.83,0.05,4.37,,,,,,,,,
ARDTWP,T001R19W4,2020/04/01,-16.24,-12.13,0.74,,,,,,,,,
ARDTWP,T001R19W4,2020/04/02,-17.63,-8.14,0.37,,,,,,,,,
ARDTWP,T001R19W4,2020/04/03,-13.91,1.36,0.12,,,,,,,,,
ARDTWP,T001R19W4,2020/04/04,-9.42,-1.84,0,,,,,,,,,
ARDTWP,T001R19W4,2020/04/05,-6.43,4.83,0.49,,,,,,,,,
ARDTWP,T001R19W4,2020/04/06,-3.51,7.89,0,,,,,,,,,
ARDTWP,T001R19W4,2020/04/07,-3.39,7.7,0,,,,,,,,,
ARDTWP,T001R19W4,2020/04/08,-4.13,5.12,0.25,,,,,,,,,
ARDTWP,T001R19W4,2020/04/09,-5.09,15.46,0,,,,,,,,,
ARDTWP,T001R19W4,2020/04/10,-4.36,8.69,3.2,,,,,,,,,
ARDTWP,T001R19W4,2020/04/11,-13.78,-3.92,4.92,,,,,,,,,
ARDTWP,T001R19W4,2020/04/12,-15.71,-4.47,0,,,,,,,,,
ARDTWP,T001R19W4,2020/04/13,-11.9,0.41,0.62,,,,,,,,,
ARDTWP,T001R19W4,2020/04/14,-3.72,7.54,0.25,,,,,,,,,
ARDTWP,T001R19W4,2020/04/15,-6.32,1.13,3.08,,,,,,,,,
ARDTWP,T001R19W4,2020/04/16,-5.88,6.04,0.98,,,,,,,,,
ARDTWP,T001R19W4,2020/04/17,0.62,12.75,0,,,,,,,,,
ARDTWP,T001R19W4,2020/04/18,-1.33,3.5,2.21,,,,,,,,,
ARDTWP,T001R19W4,2020/04/19,-2.19,13.43,0.25,,,,,,,,,
ARDTWP,T001R19W4,2020/04/20,2.49,16.78,0.12,,,,,,,,,
ARDTWP,T001R19W4,2020/04/21,5.27,18.5,0,,,,,,,,,
ARDTWP,T001R19W4,2020/04/22,3.09,15.69,0,,,,,,,,,
ARDTWP,T001R19W4,2020/04/23,3.95,14.34,0,,,,,,,,,
ARDTWP,T001R19W4,2020/04/24,-0.52,14.31,0.25,,,,,,,,,
ARDTWP,T001R19W4,2020/04/25,1.24,15.2,0,,,,,,,,,
ARDTWP,T001R19W4,2020/04/26,2.72,15.17,0,,,,,,,,,
ARDTWP,T001R19W4,2020/04/27,3.35,16.37,3.45,,,,,,,,,
ARDTWP,T001R19W4,2020/04/28,1.23,16.55,0,,,,,,,,,
ARDTWP,T001R19W4,2020/04/29,5.63,21.45,0,,,,,,,,,
ARDTWP,T001R19W4,2020/04/30,9.95,20.87,0,,,,,,,,,
ARDTWP,T001R19W4,2020/05/01,3.32,15.06,1.5,,,,,,,,,
ARDTWP,T001R19W4,2020/05/02,2.05,19.27,0,,,,,,,,,
ARDTWP,T001R19W4,2020/05/03,2.38,13.27,0.11,,,,,,,,,
ARDTWP,T001R19W4,2020/05/04,-1.11,11.81,0,,,,,,,,,
ARDTWP,T001R19W4,2020/05/05,-1.34,16.25,0,,,,,,,,,
ARDTWP,T001R19W4,2020/05/06,2.41,15.93,0.11,,,,,,,,,
ARDTWP,T001R19W4,2020/05/07,4.38,16.9,4.61,,,,,,,,,
ARDTWP,T001R19W4,2020/05/08,2,8.24,0.86,,,,,,,,,
ARDTWP,T001R19W4,2020/05/09,0.2,12.44,0,,,,,,,,,
ARDTWP,T001R19W4,2020/05/10,-0.29,7.27,0.54,,,,,,,,,
ARDTWP,T001R19W4,2020/05/11,0.74,7.97,0,,,,,,,,,
ARDTWP,T001R19W4,2020/05/12,-0.66,6.34,1.72,,,,,,,,,
ARDTWP,T001R19W4,2020/05/13,-0.98,12.38,3.11,,,,,,,,,
ARDTWP,T001R19W4,2020/05/14,3.56,19.33,0,,,,,,,,,
ARDTWP,T001R19W4,2020/05/15,0.59,17.55,0,,,,,,,,,
ARDTWP,T001R19W4,2020/05/16,3.75,20.96,0,,,,,,,,,
ARDTWP,T001R19W4,2020/05/17,5.6,20.09,0,,,,,,,,,
ARDTWP,T001R19W4,2020/05/18,7.12,19.56,0.64,,,,,,,,,
ARDTWP,T001R19W4,2020/05/19,7.82,16.31,0.11,,,,,,,,,
ARDTWP,T001R19W4,2020/05/20,7.31,10.16,18.13,,,,,,,,,
ARDTWP,T001R19W4,2020/05/21,4.56,10.14,34,,,,,,,,,
ARDTWP,T001R19W4,2020/05/22,2.76,13.66,0,,,,,,,,,
ARDTWP,T001R19W4,2020/05/23,0.51,14.33,3.43,,,,,,,,,
ARDTWP,T001R19W4,2020/05/24,3.85,18.4,0,,,,,,,,,
ARDTWP,T001R19W4,2020/05/25,6.33,19.81,0.64,,,,,,,,,
ARDTWP,T001R19W4,2020/05/26,6.32,20.26,0.11,,,,,,,,,
ARDTWP,T001R19W4,2020/05/27,5.27,17.02,0,,,,,,,,,
ARDTWP,T001R19W4,2020/05/28,3.53,21.23,0,,,,,,,,,
ARDTWP,T001R19W4,2020/05/29,9.88,24.36,0,,,,,,,,,
ARDTWP,T001R19W4,2020/05/30,10.26,26.84,0,,,,,,,,,
ARDTWP,T001R19W4,2020/05/31,10.13,21.69,0.11,,,,,,,,,
ARDTWP,T001R19W4,2020/06/01,7.46,19.7,0,,,,,,,,,
ARDTWP,T001R19W4,2020/06/02,6.14,21.31,0,,,,,,,,,
ARDTWP,T001R19W4,2020/06/03,7.75,20.58,0,,,,,,,,,
ARDTWP,T001R19W4,2020/06/04,5.77,17.34,0,,,,,,,,,
ARDTWP,T001R19W4,2020/06/05,2.83,21.16,5.54,,,,,,,,,
ARDTWP,T001R19W4,2020/06/06,8.23,17.4,2.61,,,,,,,,,
ARDTWP,T001R19W4,2020/06/07,6.7,12.34,0.52,,,,,,,,,
ARDTWP,T001R19W4,2020/06/08,5.08,12.63,12.95,,,,,,,,,
ARDTWP,T001R19W4,2020/06/09,3.8,16.18,0,,,,,,,,,
ARDTWP,T001R19W4,2020/06/10,7.08,20.56,0,,,,,,,,,
ARDTWP,T001R19W4,2020/06/11,7.64,22.72,0,,,,,,,,,
ARDTWP,T001R19W4,2020/06/12,9.91,28.68,0,,,,,,,,,
ARDTWP,T001R19W4,2020/06/13,8.79,22.57,5.95,,,,,,,,,
ARDTWP,T001R19W4,2020/06/14,6.57,16.58,0,,,,,,,,,
ARDTWP,T001R19W4,2020/06/15,6.84,15.87,0,,,,,,,,,
ARDTWP,T001R19W4,2020/06/16,4.08,17.15,7,,,,,,,,,
ARDTWP,T001R19W4,2020/06/17,7.35,13.91,4.49,,,,,,,,,
ARDTWP,T001R19W4,2020/06/18,7.25,15.51,6.48,,,,,,,,,
ARDTWP,T001R19W4,2020/06/19,7.57,19.53,1.36,,,,,,,,,
ARDTWP,T001R19W4,2020/06/20,9.44,23.39,0,,,,,,,,,
ARDTWP,T001R19W4,2020/06/21,11.77,23.26,0,,,,,,,,,
ARDTWP,T001R19W4,2020/06/22,9.43,24.69,0,,,,,,,,,
ARDTWP,T001R19W4,2020/06/23,13.22,27.66,0,,,,,,,,,
ARDTWP,T001R19W4,2020/06/24,11.2,24.67,1.98,,,,,,,,,
ARDTWP,T001R19W4,2020/06/25,11.05,24.13,2.72,,,,,,,,,
ARDTWP,T001R19W4,2020/06/26,12.27,27.93,0,,,,,,,,,
ARDTWP,T001R19W4,2020/06/27,9.55,20.57,1.25,,,,,,,,,
ARDTWP,T001R19W4,2020/06/28,7.74,12.49,1.25,,,,,,,,,
ARDTWP,T001R19W4,2020/06/29,9.03,12.56,24.23,,,,,,,,,
ARDTWP,T001R19W4,2020/06/30,9.13,14.03,33.84,,,,,,,,,
ARDTWP,T001R19W4,2020/07/01,7.94,17.64,0.29,,,,,,,,,
ARDTWP,T001R19W4,2020/07/02,6.1,17.79,0,,,,,,,,,
ARDTWP,T001R19W4,2020/07/03,4.36,25.31,0,,,,,,,,,
ARDTWP,T001R19W4,2020/07/04,9.66,23.54,0,,,,,,,,,
ARDTWP,T001R19W4,2020/07/05,6.16,22.2,0,,,,,,,,,
ARDTWP,T001R19W4,2020/07/06,8.64,24.33,0,,,,,,,,,
ARDTWP,T001R19W4,2020/07/07,9.4,19.95,14.87,,,,,,,,,
ARDTWP,T001R19W4,2020/07/08,7.61,17.14,2,,,,,,,,,
ARDTWP,T001R19W4,2020/07/09,6.19,23.46,0,,,,,,,,,
ARDTWP,T001R19W4,2020/07/10,11,22.14,0.29,,,,,,,,,
ARDTWP,T001R19W4,2020/07/11,8.55,26.78,0,,,,,,,,,
ARDTWP,T001R19W4,2020/07/12,9.81,22.49,0.57,,,,,,,,,
ARDTWP,T001R19W4,2020/07/13,6.09,19.08,0,,,,,,,,,
ARDTWP,T001R19W4,2020/07/14,6.32,21.68,0,,,,,,,,,
ARDTWP,T001R19W4,2020/07/15,9.86,24.39,0,,,,,,,,,
ARDTWP,T001R19W4,2020/07/16,9.38,27.39,0,,,,,,,,,
ARDTWP,T001R19W4,2020/07/17,10.72,22.96,0.86,,,,,,,,,
ARDTWP,T001R19W4,2020/07/18,8.82,23.48,0,,,,,,,,,
ARDTWP,T001R19W4,2020/07/19,9.25,23.02,0.86,,,,,,,,,
ARDTWP,T001R19W4,2020/07/20,9.39,21.64,0,,,,,,,,,
ARDTWP,T001R19W4,2020/07/21,10.34,27.91,0,,,,,,,,,
ARDTWP,T001R19W4,2020/07/22,13.3,31.31,0,,,,,,,,,
ARDTWP,T001R19W4,2020/07/23,14.79,29.11,0,,,,,,,,,
ARDTWP,T001R19W4,2020/07/24,8.19,25.49,0,,,,,,,,,
ARDTWP,T001R19W4,2020/07/25,5,21.78,0,,,,,,,,,
ARDTWP,T001R19W4,2020/07/26,6.91,23.93,0,,,,,,,,,
ARDTWP,T001R19W4,2020/07/27,8.89,29.9,0,,,,,,,,,
ARDTWP,T001R19W4,2020/07/28,13.07,31.35,0,,,,,,,,,
ARDTWP,T001R19W4,2020/07/29,14.93,30.65,0,,,,,,,,,
ARDTWP,T001R19W4,2020/07/30,12.47,27.83,0,,,,,,,,,
ARDTWP,T001R19W4,2020/07/31,13.13,30.17,0,,,,,,,,,
ARDTWP,T001R19W4,2020/08/01,14.12,31.68,0,,,,,,,,,
ARDTWP,T001R19W4,2020/08/02,13.38,32.06,0,,,,,,,,,
ARDTWP,T001R19W4,2020/08/03,10.77,29.43,0,,,,,,,,,
ARDTWP,T001R19W4,2020/08/04,8.4,27.78,0,,,,,,,,,
ARDTWP,T001R19W4,2020/08/05,10.1,30.87,0.08,,,,,,,,,
ARDTWP,T001R19W4,2020/08/06,11.98,30.77,0,,,,,,,,,
ARDTWP,T001R19W4,2020/08/07,8.96,21.01,0,,,,,,,,,
ARDTWP,T001R19W4,2020/08/08,8.86,22.16,0.16,,,,,,,,,
ARDTWP,T001R19W4,2020/08/09,4.85,21.21,0,,,,,,,,,
ARDTWP,T001R19W4,2020/08/10,7.55,27.52,0,,,,,,,,,
ARDTWP,T001R19W4,2020/08/11,7.52,27.76,0,,,,,,,,,
ARDTWP,T001R19W4,2020/08/12,10.93,21.59,0,,,,,,,,,
ARDTWP,T001R19W4,2020/08/13,6.65,22.12,0.08,,,,,,,,,
ARDTWP,T001R19W4,2020/08/14,7.96,24.22,0,,,,,,,,,
ARDTWP,T001R19W4,2020/08/15,11.48,28.95,0,,,,,,,,,
ARDTWP,T001R19W4,2020/08/16,9.17,32.63,0,,,,,,,,,
ARDTWP,T001R19W4,2020/08/17,15,33.89,0,,,,,,,,,
ARDTWP,T001R19W4,2020/08/18,13.86,32.26,0,,,,,,,,,
ARDTWP,T001R19W4,2020/08/19,16.31,31.64,0,,,,,,,,,
ARDTWP,T001R19W4,2020/08/20,11.86,28.85,0,,,,,,,,,
ARDTWP,T001R19W4,2020/08/21,9.88,30.6,0,,,,,,,,,
ARDTWP,T001R19W4,2020/08/22,11.64,27,0,,,,,,,,,
ARDTWP,T001R19W4,2020/08/23,7.24,28.87,0,,,,,,,,,
ARDTWP,T001R19W4,2020/08/24,8.2,32.03,0,,,,,,,,,
ARDTWP,T001R19W4,2020/08/25,8.17,28.86,0,,,,,,,,,
ARDTWP,T001R19W4,2020/08/26,7.2,26.58,0,,,,,,,,,
ARDTWP,T001R19W4,2020/08/27,8.57,21.35,0,,,,,,,,,
ARDTWP,T001R19W4,2020/08/28,6.4,27.82,0,,,,,,,,,
ARDTWP,T001R19W4,2020/08/29,6.85,25.75,0,,,,,,,,,
ARDTWP,T001R19W4,2020/08/30,2.82,17.77,6.1,,,,,,,,,
ARDTWP,T001R19W4,2020/08/31,4.76,18.53,0,,,,,,,,,
ARDTWP,T001R19W4,2020/09/01,12.13,25.66,0,,,,,,,,,
ARDTWP,T001R19W4,2020/09/02,6.66,22.99,0.12,,,,,,,,,
ARDTWP,T001R19W4,2020/09/03,4.3,25.53,0,,,,,,,,,
ARDTWP,T001R19W4,2020/09/04,7.43,29.91,0,,,,,,,,,
ARDTWP,T001R19W4,2020/09/05,11.26,31.92,0.12,,,,,,,,,
ARDTWP,T001R19W4,2020/09/06,6.5,14.99,13.14,,,,,,,,,
ARDTWP,T001R19W4,2020/09/07,0.99,8.74,14.65,,,,,,,,,
ARDTWP,T001R19W4,2020/09/08,-0.57,17.4,0,,,,,,,,,
ARDTWP,T001R19W4,2020/09/09,6.3,22.71,0,,,,,,,,,
ARDTWP,T001R19W4,2020/09/10,6.47,25.61,0,,,,,,,,,
ARDTWP,T001R19W4,2020/09/11,9.18,28.6,0,,,,,,,,,
ARDTWP,T001R19W4,2020/09/12,6.42,27.1,0,,,,,,,,,
ARDTWP,T001R19W4,2020/09/13,4.1,18.24,0,,,,,,,,,
ARDTWP,T001R19W4,2020/09/14,4.48,12.53,0,,,,,,,,,
ARDTWP,T001R19W4,2020/09/15,2.99,16.71,0,,,,,,,,,
ARDTWP,T001R19W4,2020/09/16,3.41,22.64,0,,,,,,,,,
ARDTWP,T001R19W4,2020/09/17,6.77,21.97,0,,,,,,,,,
ARDTWP,T001R19W4,2020/09/18,7.12,24.18,0,,,,,,,,,
ARDTWP,T001R19W4,2020/09/19,10.21,19.24,0.47,,,,,,,,,
ARDTWP,T001R19W4,2020/09/20,9.14,19.53,0.35,,,,,,,,,
ARDTWP,T001R19W4,2020/09/21,6.13,22.11,0,,,,,,,,,
ARDTWP,T001R19W4,2020/09/22,5.29,12.47,0.12,,,,,,,,,
ARDTWP,T001R19W4,2020/09/23,5.21,22.56,0,,,,,,,,,
ARDTWP,T001R19W4,2020/09/24,7.19,19.34,0,,,,,,,,,
ARDTWP,T001R19W4,2020/09/25,3.87,15.18,0,,,,,,,,,
ARDTWP,T001R19W4,2020/09/26,4.6,14.55,0,,,,,,,,,
ARDTWP,T001R19W4,2020/09/27,2.49,15.27,0,,,,,,,,,
ARDTWP,T001R19W4,2020/09/28,4.28,24.38,0,,,,,,,,,
ARDTWP,T001R19W4,2020/09/29,6.38,24.91,0,,,,,,,,,
ARDTWP,T001R19W4,2020/09/30,2.72,14.87,0,,,,,,,,,
ARDTWP,T001R19W4,2020/10/01,1.59,23.23,0,,,,,,,,,
ARDTWP,T001R19W4,2020/10/02,4.98,21.11,0,,,,,,,,,
ARDTWP,T001R19W4,2020/10/03,3.51,23.31,0,,,,,,,,,
ARDTWP,T001R19W4,2020/10/04,8.76,24.75,0,,,,,,,,,
ARDTWP,T001R19W4,2020/10/05,4.78,22.94,0,,,,,,,,,
ARDTWP,T001R19W4,2020/10/06,5.63,23.58,0,,,,,,,,,
ARDTWP,T001R19W4,2020/10/07,2.24,19.61,0,,,,,,,,,
ARDTWP,T001R19W4,2020/10/08,6.88,22.92,0,,,,,,,,,
ARDTWP,T001R19W4,2020/10/09,0.52,19.46,0.54,,,,,,,,,
ARDTWP,T001R19W4,2020/10/10,5.67,20.49,0.14,,,,,,,,,
ARDTWP,T001R19W4,2020/10/11,2.89,11.2,0,,,,,,,,,
ARDTWP,T001R19W4,2020/10/12,-1.63,7.56,0.14,,,,,,,,,
ARDTWP,T001R19W4,2020/10/13,-1.91,9.24,0.27,,,,,,,,,
ARDTWP,T001R19W4,2020/10/14,-2.92,5.67,1.49,,,,,,,,,
ARDTWP,T001R19W4,2020/10/15,-5.12,6.16,0,,,,,,,,,
ARDTWP,T001R19W4,2020/10/16,-3.34,12.79,1.22,,,,,,,,,
ARDTWP,T001R19W4,2020/10/17,-10.23,-2.78,4.88,,,,,,,,,
ARDTWP,T001R19W4,2020/10/18,-11.76,-6.04,4.47,,,,,,,,,
ARDTWP,T001R19W4,2020/10/19,-8.08,3.66,1.63,,,,,,,,,
ARDTWP,T001R19W4,2020/10/20,-6.55,1.24,0.41,,,,,,,,,
ARDTWP,T001R19W4,2020/10/21,-8.88,-0.77,4.2,,,,,,,,,
ARDTWP,T001R19W4,2020/10/22,-16.16,-6.31,0.54,,,,,,,,,
ARDTWP,T001R19W4,2020/10/23,-16.05,-9.01,5.15,,,,,,,,,
ARDTWP,T001R19W4,2020/10/24,-20.79,-10.16,2.17,,,,,,,,,
ARDTWP,T001R19W4,2020/10/25,-20.15,-7.06,0,,,,,,,,,
ARDTWP,T001R19W4,2020/10/26,-9.3,0.84,0,,,,,,,,,
ARDTWP,T001R19W4,2020/10/27,-0.35,7.46,0,,,,,,,,,
ARDTWP,T001R19W4,2020/10/28,-0.08,6.87,0,,,,,,,,,
ARDTWP,T001R19W4,2020/10/29,0.89,9.87,0,,,,,,,,,
ARDTWP,T001R19W4,2020/10/30,1.18,14.76,0,,,,,,,,,
ARDTWP,T001R19W4,2020/10/31,-4.8,10.44,0,,,,,,,,,
ARDTWP,T001R19W4,2020/11/01,0.99,18.38,0,,,,,,,,,
ARDTWP,T001R19W4,2020/11/02,6.66,20.85,0,,,,,,,,,
ARDTWP,T001R19W4,2020/11/03,5.91,20.01,0,,,,,,,,,
ARDTWP,T001R19W4,2020/11/04,6.55,16.94,0,,,,,,,,,
ARDTWP,T001R19W4,2020/11/05,5.64,15.54,0,,,,,,,,,
ARDTWP,T001R19W4,2020/11/06,-0.31,5.78,9.97,,,,,,,,,
ARDTWP,T001R19W4,2020/11/07,-8.43,0.87,5.57,,,,,,,,,
ARDTWP,T001R19W4,2020/11/08,-11.42,-8.57,4.79,,,,,,,,,
ARDTWP,T001R19W4,2020/11/09,-17.87,-4.48,3.5,,,,,,,,,
ARDTWP,T001R19W4,2020/11/10,-6.19,-1.71,1.68,,,,,,,,,
ARDTWP,T001R19W4,2020/11/11,-14.29,-5.45,0.78,,,,,,,,,
ARDTWP,T001R19W4,2020/11/12,-13.45,-1.81,0,,,,,,,,,
ARDTWP,T001R19W4,2020/11/13,-5.1,2.37,0,,,,,,,,,
ARDTWP,T001R19W4,2020/11/14,-8.17,0.2,0,,,,,,,,,
ARDTWP,T001R19W4,2020/11/15,-7.39,3.41,0,,,,,,,,,
ARDTWP,T001R19W4,2020/11/16,-3.52,3.03,0.26,,,,,,,,,
ARDTWP,T001R19W4,2020/11/17,-0.73,8.72,0.39,,,,,,,,,
ARDTWP,T001R19W4,2020/11/18,-5.61,7.31,0.78,,,,,,,,,
ARDTWP,T001R19W4,2020/11/19,-10.91,-4.49,0.13,,,,,,,,,
ARDTWP,T001R19W4,2020/11/20,-11.15,1.95,0,,,,,,,,,
ARDTWP,T001R19W4,2020/11/21,-4.43,2.91,0,,,,,,,,,
ARDTWP,T001R19W4,2020/11/22,-5.79,3.17,0,,,,,,,,,
ARDTWP,T001R19W4,2020/11/23,-6.39,2.73,0,,,,,,,,,
ARDTWP,T001R19W4,2020/11/24,-5.55,4.64,0,,,,,,,,,
ARDTWP,T001R19W4,2020/11/25,-7.41,3.18,0,,,,,,,,,
ARDTWP,T001R19W4,2020/11/26,-5.22,2.6,0,,,,,,,,,
ARDTWP,T001R19W4,2020/11/27,-0.12,5.28,0,,,,,,,,,
ARDTWP,T001R19W4,2020/11/28,-9.06,5.93,0,,,,,,,,,
ARDTWP,T001R19W4,2020/11/29,-7.67,5.4,0,,,,,,,,,
ARDTWP,T001R19W4,2020/11/30,-1.2,6.14,0,,,,,,,,,
ARDTWP,T001R19W4,2020/12/01,-6.22,2.33,0,,,,,,,,,
ARDTWP,T001R19W4,2020/12/02,-3.44,8.46,0,,,,,,,,,
ARDTWP,T001R19W4,2020/12/03,-0.86,11.03,0,,,,,,,,,
ARDTWP,T001R19W4,2020/12/04,-0.83,9.14,0,,,,,,,,,
ARDTWP,T001R19W4,2020/12/05,-1.69,11.4,0,,,,,,,,,
ARDTWP,T001R19W4,2020/12/06,-1.11,9.55,0,,,,,,,,,
ARDTWP,T001R19W4,2020/12/07,2.66,8.8,0,,,,,,,,,
ARDTWP,T001R19W4,2020/12/08,1.93,10.9,0,,,,,,,,,
ARDTWP,T001R19W4,2020/12/09,-2.99,6.64,2.3,,,,,,,,,
ARDTWP,T001R19W4,2020/12/10,-10.27,-0.46,0.4,,,,,,,,,
ARDTWP,T001R19W4,2020/12/11,-10.83,-6.41,0.3,,,,,,,,,
ARDTWP,T001R19W4,2020/12/12,-11.38,-5.45,0.3,,,,,,,,,
ARDTWP,T001R19W4,2020/12/13,-16.31,-9.51,0.2,,,,,,,,,
ARDTWP,T001R19W4,2020/12/14,-16.15,-1.62,0,,,,,,,,,
ARDTWP,T001R19W4,2020/12/15,-5.2,1.38,0,,,,,,,,,
ARDTWP,T001R19W4,2020/12/16,-2.47,3.4,0,,,,,,,,,
ARDTWP,T001R19W4,2020/12/17,-4.95,4.35,0,,,,,,,,,
ARDTWP,T001R19W4,2020/12/18,-8.34,4.14,0,,,,,,,,,
ARDTWP,T001R19W4,2020/12/19,-0.33,5.32,0,,,,,,,,,
ARDTWP,T001R19W4,2020/12/20,-0.25,6.35,0,,,,,,,,,
ARDTWP,T001R19W4,2020/12/21,-1.99,3.05,4.9,,,,,,,,,
ARDTWP,T001R19W4,2020/12/22,-13.3,1.12,2.4,,,,,,,,,
ARDTWP,T001R19W4,2020/12/23,-15.75,-0.79,0,,,,,,,,,
ARDTWP,T001R19W4,2020/12/24,-2.09,6.21,0,,,,,,,,,
ARDTWP,T001R19W4,2020/12/25,-2.34,4.12,0,,,,,,,,,
ARDTWP,T001R19W4,2020/12/26,-7.92,2.44,0,,,,,,,,,
ARDTWP,T001R19W4,2020/12/27,-11.93,-5.24,0,,,,,,,,,
ARDTWP,T001R19W4,2020/12/28,-11.37,0.42,0,,,,,,,,,
ARDTWP,T001R19W4,2020/12/29,-11.99,-2.73,0,,,,,,,,,
ARDTWP,T001R19W4,2020/12/30,-5.82,1.51,0,,,,,,,,,
ARDTWP,T001R19W4,2020/12/31,-6.44,2.74,0,,,,,,,,,
